Catalog Number,Car.Manufacturer,Car.Model,Year,Color,License Plate,Amount
16ad96f1-66cf-4e3a-ad52-9c2ef970c140,Volkswagen,Tiguan,2009,Turquoise,3N1CN7AP9EK504391,74
185f2a90-3b71-4fa6-a674-c80c8e7b519c,Lexus,SC,2000,Turquoise,KNDPB3A2XC7102394,80
553c2c84-f182-4939-a332-b1a79215ae44,Eagle,Talon,1996,Green,JH4KC1F76EC841271,2
7ed76eef-937c-4c16-b481-a2f548a48376,Mazda,MX-6,1994,Crimson,JTHBL5EF7C5340259,85
48138b62-ccee-45ed-9257-42ed7363e46e,Mercedes-Benz,M-Class,2006,Fuscia,JN8AF5MR4DT068609,65
fb8506e0-84f0-433e-bfda-db1e622d7588,Honda,Accord,1995,Fuscia,WAULT54BX4N917031,11
ebcee139-36f8-4bce-9c6f-acd86950e864,BMW,X5,2013,Red,2FMGK5D82FB634092,67
cddeccc0-c739-4319-9fa9-a7d59ac3db34,Toyota,Matrix,2011,Blue,WDDJK6FA6FF700165,23
ec70cdba-a36a-431b-be8c-8f80246f2e1f,Volkswagen,Type 2,1986,Pink,1N4CL2AP3AC044351,75
4eb0770a-8fea-4d47-b748-8002c6d2bce8,Toyota,Celica,1983,Blue,WA1DGAFE1ED043696,70
d4c79661-584b-461f-a10d-b881f196eada,Ford,Bronco,1992,Orange,1N4AB7AP1DN771102,20
82fb5152-5da1-478f-9295-626b52a43a50,Infiniti,Q,1994,Green,1D4RE4GGXBC852458,95
f5063076-850b-4dd6-8fa0-7f27e7f6bac7,Buick,Century,2003,Crimson,2T1BPRHE3EC005828,62
0eaa8ef4-ec46-4d93-806f-3a8c0a0acd51,Nissan,Rogue,2010,Indigo,WAUXD68D91A375407,31
760f6ec5-142d-4526-9019-28aa2e121c9c,Dodge,Ram 2500,1998,Red,YV126MFD7F2349026,11
17ff2b3e-298c-4243-b012-f0c6ac5374d0,Chevrolet,Impala,2005,Crimson,1GYFK23239R805751,52
3e7d0569-df9e-4297-ab38-06a7ea9692b2,Lincoln,Town Car,1994,Green,1FTMF1E89AK540163,78
a035f9da-c8f6-40fa-9adb-fa377338b406,Chevrolet,Silverado 3500,2006,Yellow,1GKUKFDJ5AR478515,93
a14d1b21-f968-4220-b4bf-62ed5a1ad363,Toyota,Sienna,2007,Mauv,WAUDC68D41A881443,57
6b16a3c6-b43f-4513-8313-ea35e94583d5,Volkswagen,Touareg,2010,Teal,19XFA1E31AE764996,4
e564d703-5a61-4812-b60d-e6333c4ba747,Chevrolet,1500,1995,Indigo,1C3BC4FB6BN113882,49
3fe16dac-a9c5-4d83-a448-6dc5c59f8cf0,Toyota,Prius Plug-in Hybrid,2012,Teal,WVGAV7AX9FW453688,14
aaf15441-1536-4bcf-8da5-05c47ea46984,GMC,Jimmy,1999,Crimson,3MZBM1U71EM850389,10
916db7a1-92dc-47e0-91ba-ed2169afb17b,Acura,TL,1997,Maroon,1FTEX1E80AK754363,86
59140c16-5564-44ec-ab92-338d504fa2b6,Mitsubishi,Excel,1988,Turquoise,SCFHDDAJ9AA841981,73
74390a1e-7a93-4750-91eb-9b535944e9dc,Ford,Explorer Sport Trac,2005,Violet,1G6DP5ED5B0910108,44
8d5e700e-25cb-4431-bdc0-fe2403b744b1,Nissan,Maxima,1990,Turquoise,1FTEX1C85AK118525,2
deb09e36-0173-4747-a971-37762fb472a8,Suzuki,Vitara,2004,Indigo,3D7JV1EPXAG458424,21
352bddb5-9cf7-4bab-bca0-b54f496c87ae,Mercedes-Benz,SL-Class,1989,Yellow,1FTSW3B50AE740053,63
276d4831-fd72-45b1-b75f-65c5c0f54c91,Mercedes-Benz,W126,1983,Fuscia,WAUXU54B83N964359,47
ba493f9f-5be3-4be9-a336-7d0126b78929,Subaru,Forester,2012,Khaki,JTJBARBZ1F2397881,30
fdd523e1-e95a-49a6-9cba-e51b72257375,Audi,A4,2001,Goldenrod,1FTEW1CM6EK928106,65
64b39555-3de7-4017-b54c-65ebac296b6e,Pontiac,Bonneville,2003,Fuscia,WAUWFAFHXEN907311,1
48d5f6e8-3112-4bc4-885d-b5438089b361,Audi,80,1992,Red,2FMDK4KC4AB687163,22
278e3434-cc26-4d5b-bf5c-b4eb1347d491,Audi,A3,2006,Yellow,3C63DPJL2CG817075,22
1e87c25b-847b-4f1e-968a-d642585af5ee,Toyota,4Runner,1993,Crimson,WBAEU33425P108240,49
69bb6f6a-c5c4-43f2-9783-dba67a2cf5ae,Mitsubishi,Precis,1990,Purple,1G4GD5G34FF553378,33
61f578b0-65d8-4f99-a1d9-238851191311,Chevrolet,2500,1999,Blue,5TFBY5F15DX941522,33
2f4ea890-70e2-42b4-a553-dac9eff270d3,Chevrolet,Tahoe,2001,Green,JH4NA12635S485304,92
1b4c010c-5e07-4991-85fd-427a664a9209,Subaru,Justy,1987,Fuscia,1GKS1GEJ1DR257173,18
ca006d19-10ed-41d2-8142-5da2c4cf9cdc,Chevrolet,Suburban 2500,2009,Indigo,YV1672MS8B2174588,44
900cb089-e68e-484c-83eb-914e941f43be,Ford,Expedition,1998,Maroon,JH4DC548X3C469135,59
02ef74e0-c66a-4c72-b6eb-846368d9abf1,Cadillac,SRX,2009,Indigo,1GKS1GEJ6DR184687,50
2d88080d-5bc7-4c15-9882-c3fc655b3eb6,Lexus,ES,1991,Mauv,WBAYA8C50ED026018,63
81f4f46d-d8e2-49ac-823b-df50dc125967,Plymouth,Acclaim,1994,Orange,YV1940AS2B1866589,12
287ac68f-8c4d-4f3c-918a-9da9d0f60672,Dodge,Ram 1500,1996,Blue,KNAFX6A88F5536264,36
d2185068-b205-4b11-be36-18967461e76a,Dodge,Durango,2004,Mauv,WAUKFBFL0BN090614,36
473d9fa6-fe4e-4f0d-aa1d-f28a313d916c,GMC,Savana,2009,Khaki,WAUKH74F26N048939,49
0b8f484f-baff-469e-ad90-5aee83365168,Pontiac,Vibe,2006,Teal,1GYS3GEF4BR488108,11
2d40a008-63d3-423b-b7f9-9be499377c39,Pontiac,Sunbird,1993,Yellow,WAUEL74F36N991868,45
58a95817-9433-463b-bbd3-d0880cacdf48,Toyota,Celica,2000,Blue,WBAKA4C51BC467673,31
e13d98b0-4f91-43a4-8eec-0b3d8056c317,Cadillac,CTS-V,2010,Crimson,1N6AA0ED2FN411325,65
ddd8497e-3d5b-44c0-8ae9-4c0764d774e3,Ford,Expedition,2011,Orange,5NPDH4AE3FH149154,79
abe1c2f2-1ba8-4c60-a8f1-8a3fd70f8fc7,Lexus,GS,2001,Violet,KMHD35LH1FU411461,72
556ce668-be6d-4392-8763-3227aaf18487,Pontiac,LeMans,1990,Yellow,WBA1J7C58EV117690,60
aeeaba14-d395-4b9c-b8cd-f87f131c6e79,GMC,Vandura 1500,1992,Pink,WBY2Z2C58EV059985,94
4bf23e91-0a7e-4d25-b19f-65ab978173d3,Volkswagen,Touareg,2003,Goldenrod,KMHHT6KD1CU503185,49
43c6cf96-6e35-4f28-b2d8-3d4d65ce0b6e,Land Rover,Defender 90,1994,Maroon,JTHBC1KS2A5701694,71
0eb2d732-e775-4f8c-8d61-d3e53066120b,Nissan,Altima,2000,Aquamarine,1GTN1TEX9BZ802149,60
b34ef988-d96e-441e-b0eb-eea523cf9a30,Mercedes-Benz,CLK-Class,2007,Blue,KL4CJASBXFB107238,72
5d4d4ea7-758b-481b-a32b-e7b5df59a0fa,Volkswagen,Jetta,1995,Violet,4JGCB2FE7CA953417,58
e5ced0af-f44c-4077-b811-2665b3280d2e,Mercury,Grand Marquis,1989,Red,WA1WMAFP8EA877985,92
f8427ba7-8bfd-4e8d-86ac-a01207b74f67,Lamborghini,Diablo,1992,Teal,5N1BA0ND8FN806564,99
66c160e9-fd08-4b6a-adeb-f8ea66944634,Chevrolet,Express 1500,2004,Purple,1FTEW1E83AF891664,66
d385469a-71b8-48e3-b582-04b00bd52165,Mercury,Marauder,2004,Khaki,1G6KD57Y61U931394,44
1e1f0bfd-c9a0-464b-8cc5-330130fcfe4e,Toyota,Avalon,2004,Crimson,5FNRL5H25BB372424,49
87da590e-c6b3-4662-a4b9-1eb0292653a4,Audi,A8,2010,Mauv,3VW467AT7DM838687,8
70c83f16-249e-4f70-bd34-e2966cf1274a,Lincoln,Navigator,2008,Teal,1G6AR5S35E0054743,69
d8b71df6-2bc7-4c1c-9d74-987b0d1afc07,Porsche,Boxster,2013,Aquamarine,1YVHZ8BA1A5663377,70
a43942a6-c76f-4aa8-b1b1-6c95761016ea,Volvo,960,1994,Pink,2HNYD18652H022400,32
3fd56cde-760c-41b9-b39b-32baac6d6bdb,Dodge,Sprinter,2006,Puce,5TFCW5F12BX466385,8
aa399459-dee9-4dc5-ad67-7e5dec365ecb,Jaguar,XJ,2007,Indigo,WA1DGAFP5FA462350,43
7698cf9f-e568-4fa7-8b8f-54e4cd55aa1e,GMC,Savana 3500,2008,Pink,1GKS1EEF5DR045568,45
a6dae441-1d49-4529-a058-4e63aa828e1e,Hyundai,Sonata,2013,Goldenrod,1D4PU2GK1AW881086,31
95361c69-4b6a-4299-a773-1fc112b9ce6b,Land Rover,Defender 90,1995,Yellow,1G6DM56T850954767,81
b0cf6232-7c9c-42c1-a8ac-6631d67ffce9,BMW,600,1957,Goldenrod,WA1AY94LX8D666562,28
e5140975-5535-4ae8-9fdf-095a4fea93ff,Volvo,XC90,2008,Pink,WVWAA7AH3BV029335,70
7a7b530d-7db9-4774-894b-da2b196f4b2a,Chevrolet,Astro,1998,Blue,JN1BJ0HP2EM467155,99
74762967-d5e6-4f34-8b53-0e48ed010d71,Chevrolet,Suburban 2500,1992,Violet,WA1VFAFL6EA869113,42
d9f952ad-a15c-4b6b-b38e-855598838928,Mitsubishi,Endeavor,2009,Violet,3D7JB1EK7BG033869,27
004d48f9-f4e8-4073-b47c-488938f05ad6,Chevrolet,Malibu,2009,Red,WAUPL68E24A107962,91
112be64b-e2b8-4c63-8b2f-07b3a177c781,Chevrolet,Express 3500,1999,Fuscia,WA1LKAFPXAA307988,87
ef9c3110-282e-4fce-afd1-5c87d316d8bf,Honda,Element,2009,Puce,WAUHFAFL9AA269521,52
6ec59e59-a7e4-4346-9c02-fd0cc26f9562,Audi,A6,2006,Crimson,JTHBP5C22C5784850,49
8d091c30-4134-40b8-8519-0f43232aedec,Oldsmobile,Bravada,1997,Purple,19UUB2F55FA618512,46
624ad884-0714-46a6-a5e4-860bcb453a8d,Volkswagen,Passat,1994,Yellow,2T1BURHE8FC821623,42
8a0e9e5e-b1b2-4ae4-874b-826dba22e647,Toyota,Sienna,2006,Purple,2FMGK5B85DB487475,87
5c7c637a-b04f-494a-99a5-359ecb036ad4,Mercedes-Benz,CL-Class,2004,Teal,1N4AB7AP6EN892113,63
3fadeccb-26a4-42fc-bf34-7a37c44ec3d1,Chrysler,Concorde,1994,Indigo,WBAUN1C51AV155755,26
6efcb8a8-cd3a-4bf2-86a3-d8d4b24b14d9,Volkswagen,Passat,2002,Crimson,KNAGM4AD4B5804672,4
2c3c9ef8-f922-4fc1-98de-d9351488ae4b,Infiniti,G35,2007,Purple,1HGCR2E30EA666764,2
29ad55b4-b84a-494f-8cbb-85c0f38cf510,Dodge,Dakota,2004,Violet,1G4CU541X34601040,76
b65bfc64-7b96-4738-b4e0-65b90c9a2955,Mazda,Mazda6,2009,Blue,WAULT64B22N136040,84
40dc92d8-b406-4ef9-aa41-bba05f3bbbc3,Chevrolet,Silverado 1500,2006,Fuscia,JH4CU2F67AC344691,32
53943de0-6a3a-4ceb-990b-6eab20b1f97a,Honda,Accord,2005,Aquamarine,1GD01ZCG8EF530937,86
b8e0fdd4-9b9d-410a-be48-b439c53388ff,Chevrolet,Malibu,2004,Purple,WBAFU7C52BC718050,95
a7f194df-f6c1-4de5-8223-c55438e43678,BMW,330,2006,Mauv,2HNYD18663H129084,78
b2e22557-6fbb-4eba-9f78-045f7838d1bb,Audi,R8,2009,Khaki,WAUJT58E84A385524,66
700be5a9-a49e-47eb-854a-0251adb6f7d1,Chevrolet,Avalanche 2500,2005,Maroon,1FTSX2B52AE050053,63
ae34141a-912b-4075-8c7c-5e3d87cba8d3,Lexus,GS,1994,Goldenrod,JTHBE1BL8D5363225,91
1872d831-8217-4c55-9cac-32702d7ad32f,Cadillac,STS-V,2008,Khaki,JTHFF2C27F2783265,41
bb27d4da-936a-4b28-804f-2e9865e59b96,Mitsubishi,Endeavor,2010,Crimson,WAUGGAFR7EA201866,93
4975fdda-69a9-4451-ad23-db5a4a4d746b,Toyota,Yaris,2006,Purple,3D73Y3HL9AG547342,13
5e236b21-c428-43bf-92b3-0f9eb4006a11,Mercedes-Benz,S-Class,1995,Maroon,1FTSW3A51AE789604,12
8c210cd7-8091-497c-b3f3-6c1a12c050e2,Bentley,Continental Super,2012,Fuscia,1C4RDJDGXFC497090,13
96b59fd4-4364-481f-936c-4cf619dd5f8b,GMC,Savana 1500,2000,Mauv,WAUGL78E47A503806,90
688b0713-7dd8-43de-af8a-bf53c4fa81d3,BMW,X3,2006,Teal,JH4CU2F64AC372531,49
81f7dece-6e9c-40a3-9150-074c996e74d0,Audi,Cabriolet,1996,Puce,2T1BU4EE6CC517807,78
2996225d-047f-45fa-8843-ba6391ce5a1c,Chevrolet,Malibu,2004,Fuscia,3D4PH7FG3BT975007,4
28f7c44b-465f-4525-94dc-24980013d85e,Audi,A8,2002,Teal,KNADH5A30A6713427,93
77ee7a47-b922-40b4-b7a8-29605415b020,Volkswagen,Corrado,1990,Pink,3VW517AT1EM347035,62
5fa04256-9439-43d9-9a74-a6f5c2101914,Buick,Coachbuilder,1995,Pink,KMHFH4JG7FA941093,31
5d5f09de-65e3-4160-91ba-3d679d78b15f,Buick,Electra,1986,Pink,WDBWK5EA5BF919350,64
45100d5c-49c7-4b8d-81b2-242aa58b83c6,Volvo,C70,1998,Purple,JTDZN3EU5EJ245366,30
13b0eb48-929d-4234-accd-454a74c872b7,Audi,R8,2010,Indigo,19VDE3F37EE666379,38
2ffaad1a-b510-4a7a-8508-e67f227fc6e0,Chrysler,LHS,2001,Teal,1N6BF0KLXFN643107,10
98a21ec6-8c92-4154-b346-dda9074ceba3,Oldsmobile,Bravada,2001,Pink,2D4RN5DG1BR363478,66
919e165a-0bbe-4c23-a13e-67d8f8972275,Lotus,Evora,2011,Red,1G6D25EY4B0919092,23
1b9b9ddd-c748-470e-b020-b3549a2b443c,Chevrolet,Express 3500,1999,Goldenrod,5GAER23708J346329,100
da1528c2-63b3-4dcf-a9d7-be03c87b3b2c,Infiniti,QX56,2008,Fuscia,1N4AL2AP0AN689034,1
d4944510-c03d-4eb9-b41a-1815bdffa486,Chevrolet,Astro,1994,Indigo,JH4KC1F57FC215843,16
a3cb7a62-d45f-4d87-9a12-63f35916b03a,Mercury,Marauder,2004,Purple,5J8TB2H21AA075571,60
d0ee633d-c8df-4563-a568-df6f0520141f,Ford,Thunderbird,1994,Goldenrod,4A4AP3AU4DE033166,39
4c77209d-b028-4172-9663-3942cdfc5f9f,Dodge,Ram Van 3500,1999,Orange,WAUFFBFL3DN057904,39
63a464f2-a9d5-43ae-97d4-9cda6f783711,Mercedes-Benz,300TE,1993,Orange,19UUA9F79CA479400,73
2b2a6154-85ed-48e1-8342-33873e0c0908,Lincoln,MKX,2009,Goldenrod,WAUBFAFL8BA602671,7
f8cc0770-1c49-467f-833b-809877285253,Suzuki,Swift,2004,Green,SCFFBCBD8AG397487,12
60f48d3c-e199-4de7-b591-5e11a2fd6c59,Ford,Explorer,2000,Green,JH4CU2F62DC756425,44
514013ac-fade-4841-b9be-5922b5fddcec,Mazda,Mazda6 5-Door,2006,Crimson,5UXZW0C54D0548438,14
4fe49bbe-ce91-454c-bd2b-952d777ccac4,Kia,Rondo,2009,Mauv,1G6KF57901U943849,85
76da3fab-6f43-461f-8009-4f85ba1a9574,Mercedes-Benz,E-Class,2007,Aquamarine,WBADW7C5XDE480358,48
f4f6f111-ffe9-4408-aac4-469eeb065afc,Infiniti,G,2012,Crimson,1FTMF1EW4AF002834,66
d194716b-9b8b-403f-a2e3-5db397766bb4,Cadillac,Escalade,2012,Maroon,5FRYD3H25FB437581,85
2e852602-c24d-4a7f-8e26-309b9eff4a0d,Mazda,B-Series,1994,Mauv,WVWAA7AJ5CW755518,8
a66bacaf-1679-4444-a1ca-85546eeb279a,Lotus,Esprit,1993,Red,1G4GD5ER8CF025328,100
c039c73a-b30c-4413-ac4e-e33da214ea51,Buick,Century,2001,Pink,WAUEFAFL2BA086935,79
c0c2a1ec-d2d5-4634-a2a3-92d20b2fc3e5,Mitsubishi,Galant,1988,Violet,5TFBW5F18AX333768,95
4c6e3e55-7414-44bc-b1e3-bfd7ab59a171,Dodge,Stratus,1998,Crimson,WAUAF98E37A748542,54
be4f32cb-68df-4a81-a75f-4705972003a8,Toyota,TundraMax,2007,Mauv,1FMCU4K39AK340469,28
2685e8a3-fe2b-4327-b780-24900e4fcb76,Volkswagen,Cabriolet,1998,Khaki,WAUBH74F36N381585,69
35f98dfe-f845-421d-9c5c-e21830ebe879,Pontiac,Grand Prix,1987,Green,1G6DG1E37E0541384,43
23730e35-0913-412a-87d3-9d144f5fcdcc,GMC,Vandura 2500,1992,Indigo,WAUTFAFH1CN329485,72
d5a75c87-45e6-4d92-aa01-3f962a68ea2f,Chrysler,Pacifica,2006,Goldenrod,KMHHT6KJ4FU923114,77
532fd1ad-90b4-44c0-aee4-6d22af3055a8,Volvo,S60,2012,Indigo,WAUDC68D61A011032,90
9d8a6f35-681c-49e7-9929-ca50a748a9bf,Chevrolet,Equinox,2005,Violet,1G6DL5EY8B0481240,83
7a2ae256-8931-4fc5-aad7-9ceb8ffe1a11,Buick,Enclave,2010,Orange,JH4DC54802C756840,79
226b9216-e89d-4f9b-b9b0-454a8f078df2,Lexus,GS,2010,Fuscia,1GYUCGEF8AR777046,28
29d0229f-3b7f-4965-ac94-8bde4e16e079,Volvo,S60,2007,Green,1GKS1GEJ4CR161651,80
96b03770-06cd-4b96-bd15-fc72cc8c8273,Plymouth,Grand Voyager,1996,Goldenrod,ZHWGU5BZ1AL100224,16
422f8d1d-9ce7-474a-bae1-924b782cdfe7,Pontiac,Grand Am,1986,Mauv,5J8TB18257A511874,1
f401f4c3-8055-4690-b493-7a56ca448e52,Kia,Rio,2013,Violet,WAULT58E54A725401,7
9abdf632-0bec-4036-a206-e525f458e183,GMC,Sierra,2011,Fuscia,5NPDH4AE4CH644703,4
0f4769f4-fe46-4cf6-bd61-85dc434da647,Dodge,Durango,2004,Yellow,WAUFFAFL1BA659134,73
e516822b-36d1-43bc-bd5e-6a83241bf089,Mercedes-Benz,CL-Class,2010,Mauv,WAUBC48H95K635342,40
680d4360-cef8-40a6-87bc-169b9a3fca85,Ford,Bronco,1995,Green,KL4CJCSB7DB501076,10
16ae3fb8-1ed4-44f4-a70b-e074e24dcbaf,Mercedes-Benz,300E,1992,Purple,5NPDH4AE5DH691188,39
d626f1fb-a9ad-45c4-9a95-135f83734405,Isuzu,Axiom,2004,Yellow,3VWF17AT7FM356537,49
d2fd2ef3-c0a1-4509-8619-1d6f1d1f684f,Mazda,B-Series Plus,1992,Maroon,3D73Y3CL6BG620224,17
6f90d1a0-3a0e-417d-9424-c2c1c5135c19,Ford,Contour,1995,Purple,3VW467AT4CM470936,80
9decfe5f-8a44-414f-b1cf-d3e4a33204ec,Subaru,Justy,1989,Turquoise,JM1DE1HY1B0292568,64
5330add0-c78d-4645-87f0-04bc9951cc83,Pontiac,Grand Am,2005,Pink,1GYEE53AX90320751,19
c90931fb-d552-40d3-93d4-1b0227d495dd,Plymouth,Laser,1994,Yellow,1FTWX3B5XAE163529,13
8ba2ae52-8116-47bb-b9ce-d09c6744d577,Ford,Lightning,1994,Mauv,WA1AY74L39D007440,51
4df7d233-20c5-4125-9f24-5dfe2d56e853,Bentley,Continental GT,2007,Yellow,WAUGGBFC5DN973646,58
d874fa94-d038-4df8-8492-0631b05518f6,Mazda,Mazda2,2012,Puce,1G4GD5GG3AF504586,67
474d5981-5ed7-4dda-8272-ebc022febc4e,Isuzu,Amigo,1994,Red,1G4PT5SV0D4308422,98
00d94002-1155-4ac6-85a3-30723e0ac05c,Hummer,H3,2006,Green,5FRYD4H83EB491826,71
519f81d4-216f-4fe0-ae72-d553968b9ba5,Chrysler,Concorde,2002,Crimson,JN8AZ1MU4CW655118,76
013d85a3-abab-4e39-a32a-4957065aab14,Ford,Escort,1998,Crimson,1GYUKHEF3AR699395,93
6f897548-2ee3-44eb-8508-9138460f1898,Mitsubishi,Cordia,1987,Fuscia,3LN6L2LU0ER219152,51
85782607-753d-498d-b03e-95412bbf364a,Mercury,Mountaineer,1997,Khaki,4T1BF3EK2AU365515,88
c5c31821-7fb8-43ee-8329-19e4f4a9e1f2,BMW,7 Series,1999,Blue,JTEBU4BF4CK658320,1
54bd50ff-d14c-484e-8079-c914f5917f43,Toyota,Camry,1999,Violet,ZFBCFAAH1EZ142983,4
32c27198-bcde-402e-808b-7504e67db07d,Dodge,Ram Van B250,1992,Pink,WBA3B5C52DJ597421,44
5bf01e6d-c541-4457-8bb1-13bbc35db2aa,GMC,Savana 1500,2002,Orange,WBABS53423J246994,37
f48472df-c170-4ff1-8416-627bb58e0635,Rolls-Royce,Phantom,2005,Turquoise,WAUDGBFL0DA830016,76
3f99b723-3371-474d-848d-ed1ea3db796f,Mercedes-Benz,S-Class,1995,Teal,WAUKH98E58A820471,85
8d16face-c8c9-47e1-850e-1b7866998f13,Toyota,RAV4,2008,Yellow,19VDE1F55EE227994,57
ba6b906c-6701-4ec5-9a43-3de1e1d81010,Mercedes-Benz,SL-Class,1992,Green,5N1BA0NE8FN736024,75
ba347f61-0ee7-4cc3-96aa-a91b14de6220,Acura,TSX,2010,Purple,KNDPB3A22D7559511,57
db47e9a8-0c95-44af-ac86-e04b375fda65,GMC,Sierra,2010,Khaki,WBANE53547C049851,61
3ac72e26-71fa-4d20-b0ca-46054e8003a3,Dodge,Omni,1978,Purple,WA1UFAFLXEA285339,93
414d95f2-8f01-44ab-9f23-1cbace719fb4,Audi,S8,2003,Aquamarine,3D7JB1EK2BG161534,32
9233d88a-6594-4248-9d81-06b2c356fd93,Mazda,MPV,1992,Green,SALAC2D44BA626290,92
57d71e27-f56e-4c60-9fc4-9906730707c3,Jeep,Liberty,2012,Aquamarine,WBANE73537C876476,94
e5b6980b-1d48-448d-aa75-14c7a330cffb,Suzuki,SJ,1992,Blue,WAUGL58E95A076396,66
56600193-acc8-4781-9ee0-f3a8064d242c,Mazda,Protege,2001,Goldenrod,1G6DC5E56C0116000,71
6ad8572e-b681-4aba-bfdb-3a58d28ba3ae,Mercury,Topaz,1991,Maroon,WAUEF48H88K498225,2
3d7e3c07-ab9f-44b8-8427-f2fe97f09eff,Hummer,H2,2009,Violet,1N6AA0EK5FN950049,82
6c5a59a1-43d9-4a2e-8836-62b1a354e1ba,Maserati,Biturbo,1986,Turquoise,SCBCR63W14C238971,52
48fcb1e4-a96e-46e7-92cb-a7b324124be0,Volkswagen,Golf,2002,Red,WBAWR33598P496649,71
3dc49559-177b-499e-b4d6-8da8cb84f962,Dodge,Journey,2010,Puce,5UXKR2C58F0484086,68
a8367ce3-7069-4126-95dc-c01e6f57ce36,Audi,Cabriolet,1996,Yellow,3N1AB6AP3AL951782,11
777c7a19-506d-4f61-886d-0d14447e64fb,Ford,Escape,2006,Turquoise,WA1EV74L07D000405,43
2599b584-535a-4eca-ac6d-326baf244fab,Oldsmobile,Cutlass,1997,Turquoise,137FA84351E399344,94
8bc0fc50-78e6-4c5c-9542-ad1d6bac3986,Ford,Thunderbird,1986,Maroon,WAULK78K89N142986,84
66755875-69b1-4af7-ac1b-53ca15f8c00d,Buick,Park Avenue,1999,Mauv,WAUWFAFL3BA215544,89
f746cf8e-bc1d-419a-ae86-64a5ad8755cd,Land Rover,Defender 110,1993,Purple,JM3TB2MA6A0050691,84
86b20c35-9b28-4e3d-b133-372cdde24209,Honda,Element,2010,Mauv,JTEBU5JR7D5949587,42
f80d111a-f593-4026-b691-9e295d132a08,Suzuki,Forenza,2007,Turquoise,4T1BK1EBXEU363887,24
86501cae-d543-4d59-bf9e-3b46f2df6896,Acura,RDX,2011,Khaki,WBACK73481L274459,89
3933d75d-6421-4458-a937-5a3f94581856,Chevrolet,Tahoe,2006,Fuscia,JM1CW2BL1E0000501,50
795b11fe-77a7-4f7d-8d50-23120af0944c,Hyundai,Accent,2001,Turquoise,JTHBP5C25E5910475,66
a59780e6-4819-42b4-8ef8-e71eba504f2a,Mazda,B-Series,1992,Pink,1G6DH5EYXB0430212,43
c2d6163b-df42-4624-8c2f-aad428e5d073,Chevrolet,Blazer,2000,Maroon,WAULT64B22N710085,4
d62190fa-f11a-4a7c-aaba-2a98b4ad8902,Volkswagen,Scirocco,1987,Purple,WAULT58E82A127316,54
eca95d06-cb18-4124-9186-59ad25ac9135,Pontiac,Gemini,1989,Fuscia,1FTEX1C86AK070811,58
e2310acc-a1b8-46d0-a970-eb3f45dbb813,Nissan,Pathfinder,1994,Aquamarine,1GYS3HEF1DR902874,95
80dda6d1-4ba6-4b7c-b0c1-0c1e5d4f5b6c,Honda,Prelude,1985,Khaki,JN8AZ2NE8F9591245,81
6766a9d9-f949-4ddb-871e-c484efade104,Ford,Escort,1987,Red,1G6KE57Y53U476831,93
8a9b67d4-1b62-44bd-844f-6dc1f26548e2,Chevrolet,Corvette,1978,Khaki,WBAPH575X9N798414,65
08a2ab0f-2c19-4152-b6fd-85e0386578bc,Subaru,Loyale,1993,Crimson,WBSBL93433J656008,92
98807888-9507-444f-bfe2-01b5ab7694d1,Ford,Taurus,2004,Teal,WBAEH13527C260739,67
a5c43276-440d-4d46-9dca-483a323a989b,Mazda,B-Series Plus,1993,Indigo,2FMHK6CT3AB213006,50
ae52fff8-eaeb-4ee1-a4a3-77af8c194194,Mitsubishi,Expo LRV,1996,Violet,KNALN4D76E5188415,77
6934e938-acf3-4f18-9ff6-4821df210802,Nissan,Altima,2000,Teal,5TFAW5F12EX116041,26
af483655-be35-4210-a4f9-f7ec20d77a91,Maserati,Quattroporte,2007,Mauv,KM8NU4CC1CU438185,81
9dbaed2f-67b0-4d07-99bc-4c61cd6b8e75,Scion,tC,2007,Purple,WBA3B5G53FN330083,65
d4ad58e3-7651-442a-ba1b-09d71d027056,Land Rover,Discovery Series II,2001,Orange,WBAYF4C5XDD732616,25
5164d8e6-3925-4bd1-96bb-4d5a11bb69e4,BMW,Z3,1998,Orange,1GYS3UKJ5FR006050,88
1b14bf4e-9811-4b74-96f0-f938f306abce,Hyundai,Santa Fe,2001,Teal,WBAEB53548C157607,67
b3b601cc-5532-41a9-8747-a0600f8a1bd3,Chevrolet,Suburban 2500,2009,Crimson,2D4JN1AGXBR602567,35
93cd9aea-df59-4d27-93f9-d029a8da18c1,Pontiac,Safari,1988,Indigo,JN1CV6EKXAM944011,57
c752051a-7905-4134-ad94-21d9cff1ebd1,Acura,RL,2010,Fuscia,WBAHN83598D964222,56
f03ed978-eaee-470c-a5a4-b88056c62fd1,Oldsmobile,Intrigue,1999,Green,WA1VYAFE3AD416894,99
4e0bf5bb-ebdf-47bd-b514-5009ea381875,Toyota,Celica,2004,Pink,2FMDK3AK2EB764587,46
23d73c6d-0720-4bd3-898f-efd029541e9b,Mercury,Mariner,2011,Indigo,1FTEX1CM1DK350931,16
06adf26c-d942-4ac2-81da-f4848b7f86a5,Land Rover,Freelander,2003,Khaki,JH4DC53042C723111,92
22575deb-bb1e-487a-ab3f-4205ed6b5727,Oldsmobile,Bravada,2004,Purple,5GADX23L85D044179,99
6c3b072f-55c7-491d-9eb6-b5cfffa60e34,Saab,9-5,2009,Pink,4T1BK3DB5AU490764,12
845e9adc-3acd-4c3b-b60e-4df8f500b010,Chevrolet,1500,1998,Orange,1GD322CG6EF252315,41
1a05c2fe-03b6-4835-a9ae-1e310ec1e0b8,Chevrolet,Avalanche 1500,2005,Teal,3D4PH6FV6AT256728,72
aac0ce82-8387-4333-a299-ffa062c597f5,Oldsmobile,Bravada,1992,Yellow,2G4GV5GV2D9077524,62
c0c40ec7-5a89-4cea-8add-a97c9cdc1e4e,Ford,Expedition,2003,Teal,2T1BURHE0EC314388,72
40a1d124-a7e8-4c08-8f31-e00c306ccc90,Chevrolet,Silverado 3500,2006,Goldenrod,19UUA9F27BA470911,95
576fb622-8d11-4a33-8bba-6c87820a82f2,Mercedes-Benz,SLK-Class,2005,Khaki,WAUDF58E15A184635,46
a1cae611-4c26-42ce-b8e5-4143c83f7067,Mazda,323,1993,Mauv,WAUSF98E27A603318,27
e0368707-4d67-443d-8160-42fc8e9ecdbb,Ford,Mustang,1983,Pink,5GAKRCEDXCJ244217,73
2995ab4c-fe10-474c-a1f4-01abeee0bfe7,Porsche,911,1998,Teal,JN8AZ2NC7F9828807,6
08ba65da-6c90-410f-880e-eb8bf1915a5d,Isuzu,Ascender,2008,Crimson,1C4RDHAG9EC874102,77
e3982f39-c725-41e2-b6a0-f7af926e3f3d,Nissan,Altima,2009,Aquamarine,1FMCU0F72FU889464,10
43cfb97d-a511-4d50-97b3-76bdd1eac4b3,Cadillac,Catera,2000,Khaki,WAUEFAFL4FN062196,49
fa99b084-df28-4dee-a4ef-5fc2dba1493a,Chevrolet,Camaro,1975,Fuscia,1G6DL8EV6A0738112,67
634f4653-a15f-4746-8799-08d242c7fd96,GMC,Safari,1994,Teal,WAUDH74F16N638302,26
fa5ea0cf-ec65-4322-8ed7-e14980985734,Mazda,Miata MX-5,1996,Green,YV1672MK2A2515546,95
e5b7b909-f093-418a-855d-0ba7cd6c8c1c,Toyota,Prius,2002,Khaki,WBA5M4C58FD685548,28
ffb13ea1-45da-4cb6-b6a3-428227195aed,Buick,Reatta,1989,Aquamarine,WAUFGAFB6AN020923,40
045ad804-153b-4f78-a2a1-2427f1d6ff19,Pontiac,Grand Prix,1980,Teal,WUARL48HX4K504052,57
21304257-6a74-4854-9562-17f4e56e74f6,Lincoln,MKS,2012,Mauv,WBAEH73485B814699,65
b5185703-9660-4f67-8369-28c894d367a0,Toyota,Yaris,2006,Green,1N4AL3AP0EC789464,12
9a1ffbd9-9f6d-4473-8250-87f38f6cc689,Volkswagen,Golf,2001,Violet,1FAHP3E27CL170763,96
5f75c3d7-b128-4f20-8206-ac557081781d,Plymouth,Neon,1999,Orange,WBAYF8C57DD965683,77
d5feef43-d629-4a06-9bf4-793ecda1ea3e,Saab,9000,1991,Purple,5UXZW0C58D0688279,17
3fc172a7-fd1b-482a-bc7d-3ca6ca227858,Lincoln,Town Car,2003,Crimson,WA1DKBFP7BA867995,87
2821032f-6daf-4894-a450-c42946575590,Jeep,Grand Cherokee,2009,Purple,WA1AV94L17D637491,38
0ab7c6f7-3658-4e07-8b1b-85f7104d1e9a,Chevrolet,Camaro,1998,Blue,JH4DB76521S103075,56
833c70cc-23ad-46d2-8741-99326335c3e2,Hyundai,Accent,2011,Blue,1N4AL3AP9EC801837,71
0b1450c5-4f80-44e8-817d-86cb5f6195bd,Suzuki,Forenza,2008,Indigo,2B3CL5CT6BH012130,86
4d0c5f55-c743-471d-9575-896baa6c8807,Nissan,Pathfinder,2010,Indigo,1N4AA5AP5DC987229,88
39c7aa78-d9ec-4047-8313-33e3441874b4,Lincoln,Navigator,1999,Pink,WBANN73587B685741,51
285d0e79-4393-457d-b466-f08b08346eab,Dodge,Grand Caravan,2011,Blue,WBA3A5C58EF119060,58
a43f8b0a-2179-4224-ae45-0fce4d83c1db,Honda,Accord,1992,Blue,WBANN735X6C185024,10
db7a1351-7521-4dea-af40-459057c79c2f,Chevrolet,Camaro,2010,Indigo,WAUMGAFL2CA192067,90
d1f92afd-3c7c-473c-8755-a60a8e658873,Toyota,Camry,2012,Puce,JM1NC2JF2F0818592,28
b87943d1-3729-4852-bae2-04f9b75f4caf,Toyota,MR2,1993,Goldenrod,1G6KD57Y78U739718,64
212c740c-62d0-403a-b0b0-088c2d5229a6,Porsche,Cayenne,2005,Fuscia,5J8TB4H59EL103651,41
35fe2c60-1239-4e65-bd48-77490676be89,Toyota,Celica,1994,Blue,2HNYB1H60DH505981,43
18d17695-1ef9-40c5-a544-ce889a061413,Saab,9-5,2000,Turquoise,WAUDFAFL1FN015834,42
f80785f1-3173-4dd2-b0df-2f7522157bbb,Toyota,Highlander,2002,Violet,KL4CJFSB7DB903469,28
cb3154da-77ac-4f66-aee7-01e498207c05,Ford,Mustang,1989,Yellow,WAUDF48H58K331123,50
89b7c0de-6f53-4fbe-b1aa-4c274d39cd55,Lotus,Exige,2009,Maroon,5N1AN0NU2AC267489,54
350e0dc5-b12d-4672-9157-2662bd9009a8,Kia,Sorento,2005,Indigo,JH4CU25679C786299,76
87f35205-871b-4d03-a05f-7469e9d4e924,Chevrolet,Express 1500,2009,Purple,WAUEFBFL0CN766946,95
cd797d55-a880-44f2-8766-3a3545ecafa7,Volvo,V40,2003,Red,1GYUKJEF6AR265236,34
bd1f698f-5bdb-4e92-ad40-0cfd640a79c2,Kia,Spectra,2001,Teal,JN8AE2KP1C9016336,70
9df9e332-31e8-4e1a-ab20-51d50dc44394,Aston Martin,Rapide,2010,Green,WDDHF2EB5DA346607,2
c6e87dfc-b49d-4473-a11a-d43bd5c3795a,Toyota,Xtra,1993,Khaki,WAUEF48H17K141192,100
2944e232-f564-4f9c-848e-dc7fbe04beaf,Volkswagen,Type 2,1991,Pink,WAUJT58EX3A257834,59
7681d76e-22c8-4567-8ccd-891fa4bca86d,Lexus,LX,2009,Maroon,1G4HP54K654559670,23
f697baa8-f56b-42bf-bb3e-c03221e2514f,Chevrolet,Malibu,2012,Pink,JH4CL95806C061037,62
05e96a4e-d54b-4a4a-a2bb-514c19cb4c4c,Volkswagen,Eos,2010,Green,SALAC2D46BA326444,71
b827d85f-ae66-4e4f-9551-3923651799cb,Ford,EXP,1984,Blue,KMHHT6KD0AU438536,60
bce9785b-4368-4219-ab3e-812c9c85d9af,GMC,2500,1995,Orange,1GD220CG4CZ336693,50
f84538a4-68a6-47e5-835d-37187ad226df,Toyota,Camry,1998,Crimson,WBSBR93453P763685,38
b3f531f6-a4a2-413f-a97a-b983de5b0d77,Saab,9-5,2002,Indigo,WAUKH94F36N080861,18
141a4caf-e084-4fa1-98f1-992462287079,Hyundai,Tiburon,2003,Red,JTJBC1BA7B2133497,40
29b9b12d-024d-4423-a49c-b09c1ad88038,Plymouth,Laser,1994,Blue,WAUEF78E48A764966,94
17e50fd6-b421-46db-8991-a1d758ab2f03,Lotus,Esprit,2001,Mauv,WAUGGAFC8CN968188,96
1526e5d4-e904-41b8-9f07-b352d545e9bb,Ford,Crown Victoria,1999,Green,WBAUU3C56AA729269,71
0a5389fb-a81d-4e9a-aa7d-70d339960966,BMW,330,2006,Teal,3VWJP7AT9CM984653,39
f625550f-1cd7-40ba-8aa4-b639e196b8d0,Mazda,MPV,2000,Blue,1GKUKGEJ7AR697366,51
8ec6a02b-3ec9-4a7f-bf16-62dceb309677,Hyundai,Elantra,2005,Goldenrod,5N1BA0ND9FN081489,69
3b69fbf2-ba6a-4458-bdfe-de51c6feb224,GMC,Sonoma,2003,Khaki,ZFBCFACH6FZ393612,30
c0fd7f19-3404-4054-aa17-4876d11273a3,Ford,F-Series,1987,Teal,3GTU1YEJ1BG526716,41
6daaaf60-843a-403a-b32c-c09848596bf3,Subaru,Legacy,1992,Pink,1C3CDZEGXCN249137,6
7f5261fa-4a6f-4f0a-a637-0833be6a0689,Volkswagen,Golf,1984,Maroon,5J8TB18517A947101,6
3270598d-0cb0-4397-b890-dde28881dd87,Pontiac,Montana SV6,2006,Goldenrod,WAU3VAFR5CA113478,8
272e5a25-6c90-4214-ad5c-fa675abc6fe7,Land Rover,Range Rover,1996,Purple,WBA4C9C56FD467586,77
64a0de89-59ef-4982-adec-0b6ec77ca560,Nissan,Quest,2001,Purple,1FTWX3A52AE730933,84
c49007b1-4d28-4040-b4b9-5c2cd43d164d,Audi,5000CS,1987,Purple,5N1AA0NE9FN418134,24
4c43c6d9-4466-4fa0-88f0-cd8f3fa7c8ce,Lexus,ES,2002,Indigo,1ZVBP8AM1D5038945,61
164d9fee-7472-48d3-95fa-f4ca72bb2a56,Oldsmobile,Bravada,2000,Maroon,WVGAV7AX5BW799814,90
43169a63-b53d-42fd-9819-dd647e51dfcd,Mercury,Topaz,1991,Aquamarine,1G6DG8EY6B0353438,72
38f0d3d4-251c-4fd3-b8b5-aa6d169d0335,Ford,Taurus,1997,Maroon,1GYS3KEF1CR891855,9
17af816e-583e-4710-a797-86201ff722e9,BMW,M3,2004,Teal,1ZVBP8JSXB5086150,63
87503084-6b29-4c0f-ab6d-d1dd112fcd59,Subaru,Justy,1993,Turquoise,JN1AV7AP0FM681338,84
0c8b277d-7ef2-478b-b6d4-5542816fe71d,Chevrolet,Blazer,1997,Goldenrod,WAUGL98EX5A789346,94
10aa398f-4776-423c-86a0-b22b2f521724,Hummer,H1,1994,Yellow,1FTMF1EW5AF799742,17
6de64549-cbe3-40e4-bf6f-3269ff35d5ae,Mazda,RX-7,1995,Red,3G5DA03E65S466674,82
9c4b2ca7-aa03-4e2a-b0ae-6d26fd1901fb,Pontiac,Grand Am,1985,Violet,WAUDH78E48A104593,53
ef03ea6b-67a8-4a2e-888e-ca6036e800fb,Mercury,Grand Marquis,2007,Aquamarine,WBA3B1C55FP972131,37
b0657adf-408b-4a80-9fca-634ef8a20e44,Mazda,B-Series,1992,Aquamarine,WAUCFAFCXFN710180,5
05db7f81-fb69-4f7d-9172-57c0063117d8,Ford,Taurus,2003,Maroon,WBANV13598C727732,84
ce3ad6ed-8af3-432d-842e-23414e8336ca,Chevrolet,2500,1996,Puce,5TFAW5F18EX495255,63
e2dcf624-2d58-4ee5-b495-3e9e64722a48,Dodge,Ram Van 1500,1996,Pink,WBAYM1C59DD377801,28
25ee72f0-a04c-4e66-b5ae-14515ded222f,Volkswagen,Golf,1994,Aquamarine,WBACN53441L933150,95
c881199d-5435-47a5-97b3-a2b8f07390c6,Ford,Escape,2006,Crimson,WBALM5C54BE584427,54
a1870818-b30d-4f0c-ab04-3b8a147d248f,Chevrolet,Express 3500,2007,Goldenrod,YV126MFC8F1930029,34
85f38787-3952-4661-812f-40e2c7d7d5a7,Buick,Century,1984,Orange,19UUA9E5XEA073323,26
336ef213-ca52-4f32-9445-7baf8e2c50a9,BMW,Z4,2005,Goldenrod,19UUA9E5XEA911317,33
a899feb2-8cae-42fc-a9b3-c33d0c6633f9,Hyundai,Elantra,2010,Goldenrod,1FTEX1CM6BK973068,35
95d0660e-a751-4946-bc6f-6c0da3beae57,Mitsubishi,Endeavor,2009,Indigo,WBA3V7C56EP630504,26
6ce6c495-5b61-4420-bd9b-519b66ba4a3c,BMW,1 Series,2012,Goldenrod,5UXKR0C55E0951015,87
5650b9e4-df33-4529-83ef-fabeded16963,BMW,5 Series,1998,Crimson,5XYKT3A18DG698558,32
ce81ed2a-6459-4925-a504-d49181995a25,Lexus,RX,2012,Red,WAUUL68E05A138003,64
fa269616-a9f7-4d65-8643-728a17b4a304,Audi,S8,2001,Indigo,19UUA56791A043071,5
e620c736-685a-45f6-bc97-38c6d7fffbfc,MINI,Cooper,2007,Turquoise,WAUDF58E25A936326,2
5019c6ed-a2cb-47a4-9ba0-d9a86c01ab81,Honda,del Sol,1997,Pink,1G6KE57Y53U120038,56
dacac108-9cc3-4232-8c6c-340f45c4c319,Audi,Q7,2011,Violet,2T1BURHE0EC355667,83
d1abb736-8d15-43b8-a75d-b1f9292eca72,BMW,525,2006,Goldenrod,5N1AN0NW2EN270002,76
4c36920f-1480-4db3-90d8-a4f0c9c0e1d2,Chevrolet,Malibu,2012,Maroon,3CZRE3H34BG936396,66
91cfbaac-47ad-4df1-b234-6346879a973e,BMW,5 Series,1997,Yellow,KMHFH4JG2FA962336,64
9b212c1b-07d0-4a27-965b-6a403d88efbc,GMC,Yukon XL 2500,2009,Green,1B3CB5HA2AD069480,52
8e308c12-8f4c-43e1-984b-ceca7f6076af,BMW,X5,2012,Fuscia,2FMPK3J92FB588703,36
613318d0-11ec-405f-83d6-595c0f30cc7e,Ford,F450,2010,Indigo,WAULC58EX5A133879,7
919f5053-1c86-4514-b374-1be7abd65597,Oldsmobile,LSS,1999,Pink,WAUKH74F77N336389,19
274fb8c2-bd63-4c68-9b25-fb31697a6ed1,Saab,9-3,2009,Turquoise,1N6AF0KY5FN509323,42
82a39277-185e-499e-9916-b1923b60059d,Buick,Electra,1985,Blue,3D4PH5FV1AT410806,4
0ef9383e-1be6-4216-9db4-5760c53d4705,Nissan,Pathfinder,2010,Blue,JH4DC548X6S691006,31
88946887-926e-440e-ab53-4085db587fb5,Mazda,Protege,1998,Puce,JHMZF1C62FS725347,28
40a33f98-51dc-428f-9990-aedda7c69755,Pontiac,Trans Sport,1995,Mauv,WBAUC9C51CV756364,71
dcaf1d6c-f4fb-4d9a-8296-d4a69f1c1c1c,Chevrolet,Silverado 1500,2007,Teal,2T2BK1BA6DC338590,64
fe0fa99a-ecb1-4c4a-974b-c542e15db89b,Nissan,Pathfinder,2008,Orange,WBA3B9C51EP089043,77
3ac3705f-0ef5-407b-ab6e-e57a523c6bf2,GMC,Savana 3500,2002,Green,WAULD64B92N655454,18
660bc4e8-4cf4-4066-9ee3-b24b7b14a4d9,Volkswagen,Tiguan,2011,Aquamarine,1FTEW1CM5CF511064,30
0ab62038-cf6c-41ea-aad7-8c6a49f66dc1,Lexus,GX,2003,Maroon,JTDKDTB31C1232465,65
3f1ad2f5-ceee-451e-9c93-3cab5407c58a,Acura,TL,1996,Purple,WAUHF78P66A974156,71
f010abad-83a5-43ba-9836-8e91541b74ea,Pontiac,LeMans,1964,Teal,KNAGM4AD6D5662537,3
bcac3bc4-afe3-4ae3-b8cb-a8cba4f2577d,Toyota,Sienna,2011,Red,4USBT53505L823502,1
f113ae3c-f7be-42da-89d8-d5723356f588,Ford,E-Series,1992,Fuscia,WAUAFAFL1EN851497,47
5b1127fe-46dc-4752-adc4-d5adc851b0f4,Toyota,Tacoma Xtra,2004,Mauv,WA1AY94L17D842607,82
ff18144e-fc96-43c5-9465-2a21e6f2d767,Bentley,Continental GTC,2007,Aquamarine,2HNYD18635H372435,99
0b684ac9-430f-427b-b566-44932f5691fb,Toyota,Sienna,2011,Goldenrod,JN8AS5MT4DW566122,11
04af2112-8522-4115-9894-38a1a9b32826,Dodge,Magnum,2007,Purple,1GYEE53A290311784,3
ebf3531c-0699-4a55-b3c0-11f7c4e7f571,Bentley,Continental Super,2012,Aquamarine,WBA3C1C51EK061111,69
bdda1b24-1e36-4e04-adc6-15eff0420562,Toyota,FJ Cruiser,2011,Blue,5XYKT3A19CG535433,99
aacf3187-05d0-4470-bcb6-664f0bfb9893,Ford,F450,2012,Orange,1GYS3SKJ7FR144094,99
a4221396-d502-43eb-a84b-80fe03e53c11,Mercury,Topaz,1994,Red,5UXFG43558L361768,89
2a6f15c3-2ca3-48ce-a5d0-be46e1e7a727,Mercury,Villager,1999,Goldenrod,2C3CDXL94FH719295,65
4af37286-e99d-4a7b-9b80-5e3e5ed5ecc7,Scion,xB,2009,Goldenrod,1G6DK8E32C0477498,6
5f37121e-9d61-485b-a50c-f5b0e5e46f86,Mitsubishi,Outlander,2004,Yellow,3N1AB7AP4FY435429,46
bdab65a6-d1a5-4f3e-9176-efa2ffe48744,Mitsubishi,Mirage,1992,Turquoise,5NPDH4AE2FH215483,83
7b36fa68-560f-47c1-9834-a85a71cf04a8,Dodge,Stratus,2000,Violet,5N1AR1NB7CC489540,41
a56c03aa-9505-4bcb-93cc-6bd610f9af68,Mitsubishi,Pajero,2001,Blue,WAUSGCFC4CN738329,92
b246197a-a17e-45de-a823-f0df9252d43c,Toyota,Highlander Hybrid,2007,Crimson,3FADP4AJ2EM259188,48
c3bbf64f-9b5c-4817-820c-98c92e264000,Dodge,Dakota,1994,Goldenrod,2T3BFREV5EW241748,52
3fb6f7b4-8a0c-426d-b5df-19b99c2113cc,Land Rover,Defender 110,1993,Goldenrod,1FTEX1CM3DF141621,52
f478d4e6-511a-4061-a232-5e8b8ea01949,Mitsubishi,Tredia,1984,Indigo,SCFEBBDL8EG780507,93
72510c15-210b-40b6-9d52-cc32ec18aa7f,Toyota,Tundra,2009,Turquoise,1G6KD57987U366387,95
985b2b19-7674-416d-a389-3c29c9adb5de,Lexus,RX,2001,Aquamarine,1N6AA0EJ2FN140112,36
1f48d38b-2bb4-4c44-8972-0206ac377c8d,Mazda,B-Series,1995,Orange,WBAKF5C57CE404008,19
78df5f34-ce5b-4432-8f63-3d27d47c2c75,Ford,Ranger,2008,Orange,WA1CGAFE8ED968486,61
fa208fc9-3361-48b2-97c2-25702207b28b,Acura,RSX,2006,Teal,WAUMF98P36A260933,28
47fb5175-6dd7-4312-ad2a-f6f6f0c0685f,Volvo,S80,2006,Indigo,WAUBF98E28A727610,13
4de3b76a-09eb-4eee-8525-72b46fc47329,Pontiac,Firebird,1990,Red,KMHTC6AD9FU560007,51
d16751d4-0f33-40d0-8e73-c2ab08eb9dbf,Infiniti,Q,1998,Khaki,WAUNG94F49N283665,64
1f1fa191-1d10-455c-9794-bbac897ea1d0,Honda,Insight,2004,Crimson,2T2BK1BA3FC901890,96
75c4ca1f-04cc-4692-ae59-4e12f822d1a9,Mitsubishi,Pajero,1994,Purple,1FMEU3DE4AU138130,90
0822faf9-7797-49ca-bfc9-03f156060e20,Buick,Skylark,1989,Crimson,SALWR2VF9FA827077,72
0501096c-4648-42d7-833c-0e3564cb0f80,Honda,Accord,1996,Maroon,WAULT54B53N243739,91
995d9a16-b4c7-4a95-8ccd-747159ee6c1d,Bentley,Arnage,2009,Mauv,WAUDF48H17K730237,16
66c4dd0c-ee54-44b9-a8c7-d0533f192f8d,Subaru,Legacy,1992,Indigo,1GD01ZCG3BF013766,40
1c3557ee-a346-453d-a269-4b4ecf3cba06,Ford,Probe,1997,Aquamarine,WBABS53442E577244,66
99ff9179-3e3b-4425-96ab-33264429d047,Volkswagen,GTI,1999,Purple,SCBZB25E71C429978,49
235cf815-ab9f-42de-b6a7-01cacf798b1b,Mercury,Grand Marquis,1995,Mauv,1GYFC13279R083434,47
64e2054c-948c-411a-bc4e-8f317348fc33,Mazda,Protege5,2003,Blue,JTDKDTB39D1484451,100
162e50f0-54e3-45b6-bef5-56ab5961a3d3,Chevrolet,TrailBlazer,2007,Mauv,4T1BK3DB6CU242820,45
71a211d8-bcde-409c-8bdf-729834e8873f,Porsche,Cayenne,2005,Pink,5FRYD4H66GB437180,7
9ebdac7d-7b46-40af-a0d9-0b1ecc44c97c,Ford,Courier,1988,Aquamarine,1D7RW5GKXBS533030,82
632a761b-7079-4a98-bfdc-1339d6e8cb98,Chevrolet,Camaro,1972,Fuscia,WBABD33455P172078,7
f6267c78-13e1-4f05-bdd7-52b12377cede,Infiniti,G,2005,Yellow,JA32X8HWXAU789035,38
f9a18cf2-b4b9-44e2-ab48-20703ab3a58e,Honda,Odyssey,2012,Teal,WBA3A9C52EF864555,77
1ffd270a-f4d3-4cbe-9b52-8175e74127c5,Isuzu,Trooper,1999,Yellow,1GYS4CKJ5FR283515,29
71774583-0e86-4d91-a640-aa220d64d184,Suzuki,SJ,1990,Fuscia,5TDDK3DC4BS023993,26
8f9aeb11-1a9f-4739-85f0-0d2c17ab67a3,Bentley,Continental GTC,2011,Puce,JM1NC2JF9C0443781,71
1b753a3f-666f-48db-b5f4-61707fd64ed2,Maserati,GranTurismo,2010,Yellow,3VW507AT8FM859542,18
9f148a75-ed6d-4f17-b60f-1e69d1d67f18,Dodge,Ram Van 2500,1998,Puce,2C3CCABG9DH405431,78
339699e1-e4e7-4023-a0c4-2a36ea8e56e6,Pontiac,Grand Prix,1981,Khaki,KMHGH4JH8CU405423,99
e0527e79-c212-4a17-9e9d-8656412c5069,Nissan,Altima,1997,Teal,1FMCU4K35BK839447,65
edf9b578-eaec-47f1-9813-f7d170d00e25,Maybach,62,2010,Aquamarine,WAULT64B92N571685,37
7ebd8ec1-02c7-4166-a065-89c797ecfb2d,Chevrolet,Express 1500,2000,Purple,WAUDFAFL6AN189679,12
44766e5f-7d5e-4395-9f7b-99399302ea51,BMW,530,2005,Aquamarine,JTJBC1BA5C2291385,41
b51d84ae-3115-4fee-bccd-3873ccc7ebf1,Lotus,Esprit,2003,Blue,1GYEC63NX5R701522,71
eb22cd6e-a0a1-45a1-bf1c-4066bb98eb2f,Lotus,Elan,1993,Blue,3GYFNGE31CS163917,50
484111fa-db69-4cdc-9f54-37b2653d49da,Pontiac,Vibe,2008,Green,3C6JD6DK0CG635539,91
4f199d58-7b33-4c12-98ca-64c4225feb85,Volkswagen,Golf,1996,Green,5TFBY5F1XDX523392,3
be59fb82-89ae-44cc-8247-4d4c36c0bcf2,Ford,Expedition EL,2012,Mauv,WAUKG98E96A085994,83
bc7b0ebc-5abc-4422-8948-9ea1bde686b2,Lincoln,MKS,2009,Teal,1FTMF1CW9AK234095,57
457cf254-cb62-4e1c-966c-4adc2852436a,Mercedes-Benz,R-Class,2007,Yellow,2B3CJ5DTXAH169713,95
9e423421-e29c-40fe-b84e-bdd208c09d19,Kia,Sephia,1995,Aquamarine,WAUVVAFR9BA613747,14
8bc9ff60-954c-43f2-833b-a02cdb1cc6b4,Bentley,Continental GTC,2008,Crimson,WAUEFAFL6FN937634,18
5c7dd346-047e-48ee-82d7-1591823fc707,Oldsmobile,Custom Cruiser,1992,Puce,WBA3B3G55FN097103,27
a048a57f-497d-46d0-bc44-7ef2ba7edc80,Audi,Quattro,1985,Crimson,1GYS4FEJ6CR587512,93
f94fd79c-7de6-48a7-86a7-644c6ea70f9d,Chevrolet,2500,1994,Violet,KMHTC6AD2FU124700,43
707aa62a-31b4-435b-a762-12f22ea36b56,Ford,Focus,2009,Khaki,1G4GE5G38CF127878,62
dc2c0bab-b3b6-460e-acd8-fd862dd495de,Mazda,Mazdaspeed6,2007,Mauv,SCFEBBBK5BG748006,94
b1884748-5898-40a7-b96c-fafc527aae15,Chevrolet,Monte Carlo,1995,Violet,5UXFB53554L610052,2
7db052d3-b7a4-4a14-90b2-893a84629ce9,Mazda,Protege,1994,Aquamarine,WAULV94E68N328124,25
64811c49-db5f-462d-b3fa-8ad52fae4905,Toyota,RAV4,2010,Violet,5UXZV8C53DL429182,64
a36b0d8f-6caf-4da7-9016-ab66141489c3,Lincoln,Town Car,1999,Purple,3VW507AT9EM576873,14
b5fcb609-887b-48de-9efc-dad67134aa9a,Nissan,Altima,2004,Red,1FBNE3BLXCD075884,88
d55c1683-f245-4b3a-a6ac-f722e9acaeaa,Dodge,Dakota,2011,Indigo,WBABD53454P339176,54
95383329-5462-41ac-85b4-980bb341e5f7,Porsche,911,1994,Teal,2C3CDZBT0FH475086,29
d337df6e-a35e-4881-ac5c-2de219b09e06,Suzuki,Esteem,1998,Yellow,WBADN53412G057698,97
0da911e8-3d6a-4273-a11b-295c9f85fc91,Buick,LeSabre,1987,Green,WBSPM93519E621075,43
8addf40f-7b74-4077-814d-62e2707c19bf,Nissan,Murano,2009,Indigo,WAUJ2AFD0FN717344,45
33f65dc7-56f5-4e5f-871e-2bfa8604847a,Volkswagen,Tiguan,2010,Aquamarine,WBAVD33586K693784,69
0453b584-0fcc-4e09-9acc-e8a5b6a32525,Lincoln,Continental,2001,Green,2FMPK3J96FB733063,29
f7bfd721-31cb-4674-899f-498e6e7ee228,Mazda,Mazdaspeed 3,2007,Violet,1FTMF1E80AF014335,1
67997dc4-c6cb-4547-8846-3a95478760e2,Jaguar,S-Type,2001,Turquoise,1GTPCTEX9AZ730497,90
ff2ddc05-5efc-4dff-9460-fc313b856da3,Bentley,Continental,2006,Maroon,KMHTC6AD0EU651584,42
7046811a-1a84-4c47-979e-d56a1cec680b,Cadillac,CTS-V,2006,Purple,4USBT53474L408408,19
63ecf49e-a6f2-49a7-ab57-98ad59328b77,GMC,Envoy,2004,Mauv,5GADV33W77D199248,44
383da8a7-c073-4b0c-acce-6ba69edc8a94,Chevrolet,Silverado 2500,2004,Green,3N1CN7AP5DL029735,25
4ea29378-83cb-49f0-82ed-9b19b1acf85c,Mercedes-Benz,E-Class,2009,Mauv,2T2BC1BA5FC044016,7
20ac66f9-f1b0-42b7-824e-0ac11f9d116c,Suzuki,Sidekick,1998,Maroon,WBA5M2C54ED256121,7
5123dd8d-8b0e-462d-855d-816114ebb8d6,Chevrolet,Camaro,1979,Orange,WA1YD64B15N482102,100
8aacf9c6-f12a-4ed4-8874-0f989e5f30f3,Aston Martin,Rapide,2011,Fuscia,1GD220CG4CZ752503,13
2278b5fa-4819-4361-b73d-859389427b29,Ford,F450,2011,Fuscia,KL4CJASB0FB586835,48
382d2a9d-9003-4c4d-a171-3d5e082fe4e1,Honda,Civic,2006,Puce,WBABS53442J446841,43
f9a6cc31-c430-453b-9288-7428ab51d6d8,Maybach,57S,2005,Indigo,5N1AT2ML0FC971370,14
ec668005-3ae2-4b9c-b95a-1085ce7b3399,Volvo,240,1993,Goldenrod,WAUAH74F38N010070,40
a6b8b36e-40ee-4795-a4b4-957b86a698f5,Volvo,V40,2003,Goldenrod,2G61V5S82E9789001,18
4e6a2ef9-810f-4490-a123-a3968e34d319,Jaguar,XJ,2012,Yellow,WVWAB7AJ8DW668873,42
0f36e9d7-afe8-4e17-81c7-81e0d8a44c27,Smart,Fortwo,2008,Orange,1N6AF0KX8FN045161,94
02976ac1-b224-43c6-9f00-0f6269f8f489,Toyota,Camry,1998,Aquamarine,3D7JV1EP8BG678503,9
4ae6fba1-adc9-406a-b413-89d19f43f185,Infiniti,M,1992,Red,WDDPK4HA9DF779100,34
edc56a35-dfa5-410c-a6db-c7b2d8a493ab,Dodge,Durango,2011,Khaki,WBAKB0C53BC554528,41
ecc87fa9-2b97-43bf-bbc8-a2d59002fbc0,Hyundai,Tiburon,2003,Crimson,WBAGH03431D488986,82
2e39963e-ca21-43ea-a598-bab403772739,Nissan,Rogue,2011,Violet,4T1BF3EK5BU609840,73
fa85f039-6653-4007-b12f-2bd4d3575856,Ford,Tempo,1993,Fuscia,1G6DP57V890287342,2
56275811-4138-459b-9b8e-abf805a8b806,Land Rover,Defender,1997,Green,1GYS4CKJ7FR966509,15
13062b8c-bf3f-4f58-88c1-b26d5fc4c341,Dodge,Caravan,1998,Green,5N1AT2MK4EC983124,12
b5bdf218-4a32-4159-b997-21b619e51f3a,Scion,xB,2009,Blue,JM1GJ1T54E1628539,64
7f8564aa-2324-48b5-8f25-107f0bf4694c,Mitsubishi,Mirage,2000,Puce,JH4KB16637C855853,7
73b70ca3-550b-4af2-999a-138a5fe4e702,GMC,Savana 2500,1997,Yellow,1G6DP1E36C0524847,42
fdd38a24-4b50-4292-ac30-eb95eeaa20ae,Dodge,Charger,2008,Orange,5FPYK1F29CB732068,34
d9588ac1-6e19-4525-aae7-25ed004c156f,Eagle,Vision,1996,Orange,1HGCR6F52FA062593,49
e85c9f93-907b-4b16-adb7-bcdff16f2f55,Ford,Explorer,2011,Teal,1C4NJPBA4FD481938,99
13b62972-11fa-4947-88a3-980779809834,Mazda,MX-6,1988,Violet,WBAUN13528V322120,74
d4f103f6-5cdb-4cb4-8938-14cbe155277b,Cadillac,CTS,2004,Aquamarine,WVWAP7AN1EE568139,5
e8c3ff45-c3e4-4888-b408-beabc0a9e6bc,Honda,Accord,1984,Maroon,WBA3B3C57DJ110413,46
f4372e0b-894e-448a-aa7b-fe066ae253f7,Mercury,Mariner,2008,Green,3N1CN7AP6DL467633,84
f60fe8b5-4cf9-421c-b191-c1199dd37477,Saab,9-3,2000,Goldenrod,2B3CA2CVXAH622598,88
38abc0ae-163a-4a57-8e84-0b0a1ec795ba,Honda,Passport,1997,Green,1GYS4JEF1DR746274,27
69ac193c-1bfd-4cc5-86fb-59ea87e8cc75,Hyundai,Santa Fe,2009,Khaki,1C3CDFDH8FD035881,84
87bc5827-8dcc-4dd9-aa4a-62d8d94a84c0,Daewoo,Nubira,1999,Yellow,5FNRL5H20DB648799,41
c55ed63c-2d34-4e17-a345-483cfc1beae0,Pontiac,Firebird Formula,1992,Mauv,JTHDL5EF7F5169297,25
1795f7c6-6bf0-4cea-ab0c-0d1348625815,Mazda,Mazda3,2009,Purple,SCFEBBAK4EG743871,6
3fdb31d0-e6ac-448c-9b76-01fd313d6954,Toyota,Highlander,2006,Khaki,3FAHP0HA2AR550819,52
227dbc8e-c296-42ea-be9c-874e619ae34a,Kia,Sportage,1997,Green,1J4NF1GB4AD366503,62
23759d2e-67bc-4ed1-8580-508dd89c8ed5,Suzuki,SJ,1994,Blue,2T1BU4EE4BC863224,11
23779a25-9c95-483c-852b-39fbfa0719e3,Nissan,Quest,2009,Maroon,4T1BK1EB3EU486737,97
f91ab3bf-8874-46b0-801c-b5ae7adb0cbd,Pontiac,GTO,1974,Maroon,WAULC58E45A342079,30
1d7f0b53-9012-4cd0-814a-ab1fa6347205,GMC,Sierra 1500,2004,Blue,1FTSW3A5XAE893895,48
610fab45-59ff-420b-92e6-0326cd7e6ecf,Isuzu,Ascender,2005,Maroon,5N1AA0NE4FN416923,81
aae8e82f-e27a-4364-8c37-4bc36724e21d,Dodge,Sprinter,2006,Orange,3D73M4CL2BG668143,54
8cd35474-0e51-4116-bf05-37b66f23b9e3,Mercedes-Benz,CLS-Class,2010,Blue,2HNYD28208H687362,54
be09834b-cf83-4369-95af-015612dddd26,Toyota,Avalon,2008,Mauv,WVGEP9BP4FD675461,41
3dbe5d4f-e312-4e35-8a8f-02235117f32a,Chrysler,Fifth Ave,1993,Mauv,2HNYD2H68DH863085,92
02ba1479-a3fc-4073-a661-2718b174d6c2,Volvo,C70,2010,Crimson,1N6BF0KX3FN799590,48
0fb031d1-3e08-4004-a6ef-e05ac0187249,Lexus,GS,1994,Purple,WBAYP1C57ED679757,56
085e2abd-9b6b-428f-ad04-4faa828a52c7,Dodge,Ram 1500,2007,Crimson,2G61S5S37F9226251,58
4af37acf-05d3-4740-a4f9-e3aa86cb474b,Infiniti,QX,2005,Indigo,1G6AH5SX0D0635149,36
07d9052b-6368-47b8-87d4-a7db36379b2c,Morgan,Aero 8,2009,Maroon,WBA3V7C51F5342046,59
d2447f40-343b-4c0a-82b8-33afbf327519,Mitsubishi,Starion,1988,Fuscia,1GYS3KEF8BR066216,49
f23be2aa-d6ab-455e-b438-1702d4843d4d,Mazda,Millenia,2000,Khaki,WAUGL78E67A537097,71
67798502-7f8f-4f79-a437-8d6133727e8c,Mazda,CX-7,2009,Mauv,WBANU53509B887693,19
1caa715a-ced2-4288-b4e3-b6e88380cc3b,Oldsmobile,Intrigue,2001,Maroon,1N6AA0CC1AN844346,38
902f3e9e-fa32-4875-91f8-ad9679ed031d,Tesla,Roadster,2012,Puce,3GYT4LEF9CG558942,50
ee01cae3-dc52-4299-a9fd-dc223316f182,Chevrolet,Prizm,2002,Crimson,WBABS53403E354832,83
d0fc5410-d402-4f91-8393-56736ce5b375,Pontiac,Fiero,1986,Pink,WBAYB6C52FD133204,22
138c7138-21e1-4adb-ba97-65e029b90ce3,Saab,9-7X,2009,Pink,1GYS3HKJ2FR321850,88
dc3d9b66-a1b1-470d-a555-015fddeba7f0,Mitsubishi,Precis,1993,Puce,WBA6A0C53FG735986,16
948770fe-f9a7-420b-8207-4852fe79b2c1,Chevrolet,Cavalier,1996,Turquoise,YV140MAM5F1965735,8
501d37f2-272a-492a-ab86-3bd84ff6d23d,Dodge,Colt,1994,Violet,JTEBU5JR2F5221517,97
6eb38f6f-13df-40e3-8fe9-1ba385d45fa6,Ferrari,F430,2006,Yellow,2G4GS5EK0C9399417,46
b2afc94f-c851-4677-86e6-3fa5603fa7c4,Oldsmobile,Bravada,1998,Blue,WBADS43482G255861,44
a1b535e0-eeec-4c4e-b85e-d0143df724b2,Ford,F-Series Super Duty,2008,Goldenrod,JTHCL5EF5F5882890,21
0605a48e-bd86-47dd-80d2-a94ac94974eb,Kia,Rio,2004,Orange,1GKS1AECXFR926963,40
88e2566f-3cb2-4415-ae63-5ff336dec3b3,Honda,Accord,1986,Maroon,KMHGH4JH1CU521921,48
90b78e5e-e4c7-4d21-a21f-5da3abf17932,Hummer,H2,2006,Green,1N6AF0KY7FN370215,16
a4f6246f-b6e8-452a-99d3-ae3841fffb2c,Infiniti,M,2007,Teal,3VW4A7AT7DM285716,1
b139b744-cd73-4112-ba65-cf74b81ac517,Toyota,Corolla,2005,Khaki,2T2BK1BA9DC713369,68
ea495d73-f1d0-4b87-96a7-e47f54781182,Buick,Park Avenue,2002,Goldenrod,4USBT33524L951307,25
1b714a97-4744-4344-be36-0ddfd6d2c49f,Bentley,Continental,2005,Aquamarine,WAUYP64B21N779755,30
a0c2fcbe-5dc8-4743-9ed2-7936a7692949,Dodge,Spirit,1993,Teal,1G4HF57988U009855,21
d1b6d280-f97f-4c78-b652-2be578cc4bfa,Toyota,Xtra,1994,Violet,JN1CV6FE2DM917401,85
ef1cb251-c25c-46ab-9a15-2e410f8ea8a7,Oldsmobile,Bravada,2003,Aquamarine,4T1BK3DB9AU074023,6
8a78995a-856d-4939-bb5a-6751019247da,Lexus,GS,2005,Orange,WBA3A5C59DJ173155,40
6cf4f390-83b9-461d-8086-b31adfa2dc47,Mazda,MPV,2002,Mauv,1G4GE5G35FF857770,54
0d36a416-2efd-4078-ad77-c53eab76f496,Pontiac,LeMans,1968,Violet,1FTMF1EW9AF566527,39
7964ddbc-d613-456a-9dc8-396c132aa687,Toyota,Corolla,2001,Turquoise,5GAKVBED5CJ547962,95
f580ef33-26eb-4f15-995d-c5418994278c,Land Rover,Discovery,2010,Purple,JTHBB1BA0B2492257,15
f9649faa-09a7-48f6-8b06-4e674be601c3,Maybach,Landaulet,2011,Maroon,2G4GT5GX6E9146756,38
f901e217-bbc8-4e7f-a723-57e9d1643fe1,Chevrolet,Impala,2003,Green,WBANV13529B174087,91
8500d0e7-64ec-40cb-b6ef-9dc3ed8d0e8a,Maserati,Biturbo,1985,Crimson,1N4AB7APXDN617567,9
c936e899-5b8e-493f-bd38-bf27009d8f83,Lexus,LS,1998,Crimson,JH4CU2F82CC203869,10
d63df634-8732-4a06-a9b9-bf9b4364b1a6,Mitsubishi,Galant,2011,Green,3C4PDDBG4ET213046,25
ab086edb-c97a-4cd3-a6c3-7827191dc703,Ford,Escape,2008,Turquoise,1D4RD5GG3BC054991,95
0140c931-a954-4425-aa49-a3a19318051d,Dodge,Ram Van B150,1992,Mauv,1G4GB5GR5FF385258,57
c7d64610-b909-40e9-8d97-701473c2b34c,GMC,Suburban 2500,1996,Puce,WA1WMAFE1BD355742,42
9bf24dc4-1645-434d-8e75-9428edb14527,Mercury,Sable,1989,Red,SALWG2WF6EA135264,50
4d19039d-320e-4470-8c14-8924c22ed5c5,BMW,5 Series,1998,Fuscia,1G6KD5E60BU205954,36
b295c52f-cb8b-4757-9a11-6b4b320e8545,Mercury,Mariner,2009,Maroon,1D7RE3BK1AS913466,52
890450b6-f5a3-47e5-8f99-d6c92ef10d1d,GMC,2500,1997,Purple,5BZAF0AA4FN718544,98
9af7f3f9-236e-442c-9659-8864cf41e223,Mitsubishi,Endeavor,2010,Fuscia,JHMZF1C46DS789032,70
b210a5d7-e1ca-4b2c-86f8-93d5d763a00e,Audi,S6,2011,Teal,WDCGG0EB5EG009189,99
55268264-d9ea-4c04-9d0c-f4c9ae3af284,Dodge,Viper,2003,Pink,WA1AY74L39D044519,53
37be9d13-93f4-4554-bfac-e27d409f06e2,Mercedes-Benz,CLK-Class,2007,Turquoise,SCBBR53W16C250286,37
f15edd89-4e7a-4455-92eb-20c8cc6bbc3a,Lamborghini,Murciélago,2009,Crimson,WBADW3C58DE531137,39
7d239ebd-1960-4b18-bd24-734f0cbf70bd,Dodge,Ram 2500,1999,Green,1GYS3JEF3DR793969,74
cfb06b5e-6922-41b1-a00c-400d95638f65,Acura,RL,2002,Puce,2C3CA1CVXAH775026,8
c4a2c08c-8587-4f07-a7a2-5eddf5219883,Nissan,Altima,1994,Maroon,1FTNX2A50AE949119,44
a78fec86-3fc6-4209-bbcc-b790a4b06772,Audi,S8,2002,Teal,3D7JV1EP1AG687736,45
fdb1f41f-2d7d-4b59-a2b7-9304541ce07e,Honda,CR-V,2005,Puce,5N1AR2MM4FC036201,9
5dda2994-ede7-4c0c-b41f-cca743b1aa96,BMW,6 Series,2012,Violet,1G6AB5SAXD0091577,55
8421a8ad-e311-405c-8623-1412dfb41f62,Chevrolet,Blazer,2002,Pink,WAUAF48H28K547093,48
1bf1e897-06f0-4139-878d-fb3614f1f843,Toyota,Previa,1991,Khaki,WAUPEAFM5DA590113,8
fd197750-012b-4137-a464-ccd96e408f65,Lincoln,MKT,2010,Fuscia,WBA5A7C55FD651318,82
3a92e6d0-f3ae-4002-9466-ac086488f55d,Acura,TL,1999,Red,1FMCU0F79FU214405,37
4e5947f1-8b56-4ce7-8cbf-29d6105636d9,Chevrolet,Camaro,1975,Yellow,1N4AL2AP6CC421331,50
990480f0-0ab9-4a12-a009-b457b03b1a1a,Porsche,914,1970,Maroon,SCBLF34F15C822522,23
51f78c96-77ca-4ef3-9e4e-06b294e8a190,GMC,Envoy,2006,Turquoise,5FRYD4H22EB374637,72
40f5f2a4-b569-4b3d-94fb-267f09587778,Lexus,RX,2007,Aquamarine,3N1CN7AP8EK684155,39
e2686b61-bbdd-4489-a65b-289fb3a5a721,Ford,Tempo,1994,Pink,1G4HP57296U103868,13
be2f30f1-401b-464c-a6a7-2cdb3cfd40e5,Mercury,Lynx,1984,Turquoise,WAUKF98E25A322911,59
01fe282d-9dcc-4305-9298-60c6f8b486b1,Volvo,V40,2004,Goldenrod,YV126MFKXF1404282,88
13e52b08-b583-4a12-bc92-159fe12207da,Chevrolet,Silverado 1500,2001,Fuscia,1G6AB5R33D0441638,70
63605914-0ed1-4c9c-8409-baf312221b1b,Mazda,323,1994,Teal,WBAVC73587K485738,15
e0745866-2262-4723-af63-91025abb74e1,Land Rover,Range Rover Sport,2007,Puce,KNAFU6A2XC5793474,95
86fde6e9-5de4-4f98-835a-917c1d3789cb,Cadillac,STS,2008,Purple,WAUCKAFR7AA518876,29
5432abae-b7ff-4eb6-ad2f-03242b1d3167,Lincoln,MKT,2010,Maroon,JH4KB2F55BC907960,2
d8e1eb2b-f55a-449d-af8f-df77062cd858,Pontiac,Firefly,1984,Red,5LMJJ2H54AE046103,83
1b93b0aa-2127-471e-adee-ba40278a7640,Citroën,CX,1989,Puce,4T1BD1FK7EU803492,34
d0ef8924-3ac3-4c92-8c6c-5cf8388f8ae1,Aston Martin,V8 Vantage S,2012,Orange,1D7RV1GP7BS661023,50
3e913445-ac67-49c7-91ad-5fee83dd3116,Toyota,Tacoma,2011,Teal,WBASN0C53DD582706,82
5e91621d-19cf-4375-aeed-53bd2423a1da,Ford,Taurus,2001,Fuscia,WDDJK7DA0EF292253,83
ae5eba65-9f3e-46f8-b169-59b15fa60153,Mercedes-Benz,SL-Class,1985,Pink,3GYFK66N64G231667,96
d3f028eb-437b-429e-ad00-46d8ef1e3eef,Pontiac,Daewoo Kalos,2006,Mauv,SCFHDDAT7EG916732,59
3e2baf90-cb7a-4971-b9b0-47c084c293e5,Volkswagen,Passat,1990,Goldenrod,5FRYD3H67GB122382,99
5e283346-0496-4020-b84a-ca4a079b153c,BMW,M5,2003,Aquamarine,1G6DM57T760982236,96
78f46e31-a58d-40b4-9f3f-911acd3b86ad,Acura,NSX,1995,Purple,5UXWZ7C53F0972733,26
d354f015-f622-43d6-8394-2c3caf797bf9,GMC,Yukon XL 2500,2005,Indigo,3GYFNHE34DS854253,72
46e044b5-952c-4d61-9288-8f62db57bacd,Volkswagen,Routan,2009,Red,SCBZB25E02C231003,77
2f3c786e-334d-4591-9417-582beacd9cb0,Toyota,Sienna,2004,Goldenrod,JN8AS5MTXAW963801,46
8948bb99-7aea-478e-a2e1-9e6f21c429a5,Lexus,HS,2011,Turquoise,3VW1K7AJ4DM853872,76
b6a64a1c-e285-4dd1-9f01-06d294e1e780,Mitsubishi,Diamante,2004,Maroon,WDDHF5KB1FB173333,31
ddc2ecfd-aa3c-4756-b11f-3df4e353ce6d,Pontiac,Firefly,1990,Purple,JM1BL1K51B1680454,97
b3225e3e-5a06-4281-8a89-0bb21aa9fdb6,Mazda,B2600,1989,Puce,WAULC58E83A174475,3
c76883c2-fb91-4ed8-bfa7-730137fdedc5,GMC,Yukon Denali,2000,Goldenrod,WAUWMAFC3FN081025,84
93da22ae-86ba-41fd-b430-01b79da3c874,BMW,7 Series,1994,Teal,KMHCM3AC6AU439740,65
707074e8-e978-4d42-8402-5664b3255c9a,Subaru,Impreza,1999,Fuscia,1D7RB1CT9BS245454,42
ddf987fc-dc37-42e5-870e-6a9a058155dc,Suzuki,XL-7,2003,Violet,JHMFA3F23AS240696,24
5918c5db-4105-492f-b2fa-673b45e620d4,Dodge,Caliber,2012,Puce,JTDZN3EU8D3349742,80
b1d1db29-f048-487a-92b7-58fbf99589d3,Chevrolet,Cobalt,2007,Pink,1G4CU541834947555,69
acac90ac-05b4-4178-83dc-b6e291400572,Jeep,Wrangler,2000,Orange,1G6DP577170913005,21
fd6d3149-b3de-458a-8db4-dc57e625d16f,Mitsubishi,Challenger,2000,Pink,1N6AF0KX9EN425351,75
dc018a0a-0db0-4f5b-8176-c8faebb5932f,BMW,745,2003,Turquoise,WBA3X5C58ED284925,84
363a43b8-777f-4d46-a934-b8d6870cd280,Scion,xA,2006,Turquoise,1GYS4GEF1BR639838,40
d9c3b219-235f-44a1-9ec4-3663a7ee8fed,Buick,Park Avenue,1991,Teal,WAULT68EX5A371866,70
61e2b3b8-9d89-42d9-a056-4f9543b16c8d,Plymouth,Breeze,1997,Blue,KM8JT3AB4CU576454,84
6452bbc7-51da-409e-ac48-7f7e23b0e87f,Chevrolet,Express 3500,2004,Yellow,5XYZG3AB8CG375878,96
82284b30-3f54-404f-b639-2ba79b13035f,Plymouth,Voyager,1998,Turquoise,19UUA9E56CA302741,39
f0939439-5912-4719-9fb4-b29674d041c1,BMW,745,2002,Blue,5TDDK3DC5ES043478,5
d76b59b5-9766-4b4d-b15d-50a7a18156a7,Ford,Laser,1985,Purple,WBADX1C58BE321412,97
05415a5e-962e-4c76-82b0-27354e9d267d,Plymouth,Laser,1990,Green,1GYS4JEF5BR535690,76
c3fccd37-a57e-47e5-8c1f-6912341643cc,Honda,Ridgeline,2006,Turquoise,WBAYM1C51DD638340,66
47e8410c-8491-48e8-bb4f-b75ae8e7645a,Toyota,Land Cruiser,2013,Maroon,JH4CU2E66BC576427,86
31f608a1-994d-4393-9fb6-e75edfb7a2a2,Toyota,4Runner,1998,Aquamarine,SCBLC31EX1C655365,75
eb1ebc87-8d92-454a-ae7c-c597f9e7a232,Hyundai,Accent,2006,Fuscia,1G6AG5RXXE0132934,41
12f21be4-401b-4f98-8c6f-09aa22742a2c,Toyota,Land Cruiser,2011,Green,WBAEN33465P531819,21
ac88d6c5-6e9c-438c-b992-ad0cbd5467c8,GMC,1500,1993,Teal,3C3CFFJH9FT710789,32
6c8bc2f9-b37b-4cdf-939a-d73fec8cff63,Volkswagen,Touareg,2009,Yellow,WVWAP7AN3DE678785,15
39bc7aae-df55-49ba-b97c-5da85ace0a9f,Chevrolet,Express 2500,2007,Aquamarine,3D73Y3CL5BG330072,73
25229bf6-2338-4def-85ec-531175878e19,Honda,del Sol,1995,Aquamarine,WBASN4C51CC545925,69
950225fc-1917-4b91-951b-7e03751eb8ed,GMC,2500 Club Coupe,1996,Violet,WAUBGAFB2BN425497,8
a2f6647b-41b2-41dc-be25-09b10db536e0,GMC,Rally Wagon G3500,1996,Yellow,WVWED7AJ1BW038881,50
485f5b96-b1c0-4ce8-82b7-2f8b8bf0c379,Chevrolet,Suburban,2007,Puce,WUAGNAFGXCN391193,33
4efb0d7b-f3a0-45db-9b5f-648ed95a1f0a,Honda,CR-V,2005,Puce,3GYFK66N55G000986,78
e577130c-82cb-4624-b28e-0644716a8d0b,Toyota,Celica,2001,Khaki,1G4PT5SV2F4996832,5
b17bcef6-da91-4a8e-bfb5-ed2bb0350f46,Mercedes-Benz,SL-Class,1984,Maroon,YV4902DZ6C2277611,71
3d7dd9b0-64df-4fa3-87ef-a29fed795ac9,Pontiac,Sunbird,1983,Goldenrod,WBAXG5C53DD606953,54
b1bc827a-1260-484c-94b4-777fc4a90d8f,Pontiac,Aztek,2003,Mauv,WA1CGAFE1ED510160,65
c8cc4524-1c52-4c8c-9673-afac4ab2fa6b,Mazda,B-Series,2009,Indigo,2HNYD2H34CH682005,71
9f9069bb-3275-45eb-a41c-fe3515deb038,Mitsubishi,Endeavor,2008,Blue,3D73Y4HLXBG228474,90
4d811dc1-f417-4ed6-87b3-ed40bcd8f5e0,Mazda,RX-8,2011,Mauv,1J4PN2GKXAW158938,78
55096c18-2fc6-4afa-844e-6868ff12af86,Mitsubishi,3000GT,1995,Aquamarine,WAUJC58E34A831501,9
6cb34e6d-39ee-4ec3-b9c9-e8ee517c6fb9,Dodge,Ram 2500,2004,Red,WDDEJ7GB9DA152982,1
9e881b9b-e96a-4e30-89a6-ab6dcace6fb4,GMC,Savana,2010,Teal,2C3CA5CV8AH101514,97
4303abf9-27fb-44e2-bfd3-404d61dbdaf1,Scion,xD,2011,Orange,5TDBK3EH2DS269235,82
1db78716-c5b7-481f-8b28-ce54035836fb,Mazda,Tribute,2011,Yellow,WA1MKBFP1AA889649,19
ba630cfa-f80c-48ad-a90b-104de0f74706,Hyundai,Santa Fe,2011,Orange,WVGEP9BP4FD606690,13
f58b141d-0208-4d5f-8770-915fbf1d30b1,Hyundai,Accent,2011,Turquoise,WUATNAFG4BN957376,35
70761680-a0d4-491f-a7f0-482b05a62b2b,Porsche,Boxster,2007,Crimson,1D4PU4GK0BW800933,77
22ba2c98-12fb-46bd-9ce7-bf42454ff920,Ford,Thunderbird,1972,Maroon,WBADR63443G309407,86
f9b86f78-605e-4d83-82c1-51900f2f2239,Mercedes-Benz,300SE,1993,Fuscia,WDDHF2EB9BA304907,28
35b683e5-7042-42d3-9da8-aa9538ef4d29,Mitsubishi,Montero,2002,Violet,WBADX1C59BE508898,70
875727c4-2fed-49ef-8f58-01b02dfec942,Saturn,Ion,2006,Crimson,WAUAFAFHXAN876663,61
fe82a380-6b5d-4a22-bb26-1fc71e61e92b,Mitsubishi,Montero Sport,2003,Mauv,3FAHP0JA3AR989862,8
4addaade-a509-441f-a5ba-0d1f0d69a67d,BMW,5 Series,2005,Red,4USDU53558L527675,7
1a563b22-e7a3-4c29-a51a-a01f7b726e14,Dodge,Ram 3500 Club,1996,Turquoise,1NXBU4EE5AZ104286,88
44fdb123-045a-4776-ad7d-76dfc2cf9289,Mazda,MPV,1992,Red,1HGCP2E36AA426389,49
32aabd20-e8a0-4579-9ec9-3e47b6b5fe31,Honda,Accord,1993,Teal,3VWC17AU6FM740725,74
51369559-09f2-4888-99fb-abd1785231d5,Porsche,911,1996,Green,1FMJK1J50AE502261,20
283977bb-bca5-4137-ae8d-8c6902bc27b3,Chevrolet,Corvette,2008,Purple,2V4RW3D10AR636070,4
c077fe88-96c8-4296-b6b7-2ef287ea06ee,Ford,Thunderbird,1967,Indigo,WAUSGCFC6CN083929,68
7b301efb-0036-4279-9bc8-b172ae81da2b,Saab,9000,1998,Indigo,5FRYD4H60FB999042,76
6a7bb3ab-3f0c-4b71-884f-6713744ffb01,Mitsubishi,Galant,1984,Maroon,2V4RW3D16AR754818,2
335d10c0-0a01-4e79-8289-687e2c90457b,Ford,Crown Victoria,2009,Pink,WBAVD13516K703186,46
e3f5ed51-8f4d-47e8-a10d-30a5eb42964e,Chevrolet,Tracker,1998,Turquoise,NM0GE9E74F1008970,14
4e2371e0-ebef-43c5-9eae-4a8b9417e5e7,Acura,CL,2001,Pink,1FTFW1E83AF161306,56
6b609429-79e0-4aa2-90a4-1c3e2f2a8c6d,Jeep,Wrangler,2012,Green,WBAKA8C59AC191362,9
dca260ff-bbd6-4f99-bbab-144c64de3799,GMC,Savana 2500,2006,Green,JH4KB2F67CC596932,17
01b5c85e-366f-4350-8137-401bf5fda4e5,Ford,Mustang,1986,Puce,5TDBY5G17ES675586,19
e9f8a971-96f4-438a-b1f3-a1df0e1e277a,Honda,Accord,1990,Fuscia,1G6KF57984U948009,21
a5e9a538-02c6-4d03-852d-ad47f8405848,Porsche,911,1991,Blue,TRUDD38J891292479,39
ef99544a-0846-4a35-b178-94be6316a2a0,GMC,Jimmy,1996,Fuscia,WAUML44E44N659839,47
d1735bfd-2942-458c-8953-b903a5ec1b0f,Subaru,Loyale,1992,Green,WBAPN7C53AA650188,68
a979bd3e-0a9e-47b6-9b3c-0053f5119fc8,Ford,Thunderbird,1987,Violet,2G61S5S3XD9385360,34
c93e3107-52a6-4e5b-87fb-970cba9d42a5,Ford,Econoline E150,1997,Purple,WBAUP9C51BV008183,25
572b5310-7488-4220-9dca-1f6e34822d94,Dodge,Dakota,2007,Yellow,5N1AA0NE6EN950942,3
84e5e7d6-3e6d-49ef-9784-3dcdb9ab4198,Suzuki,Swift,2006,Crimson,WDDHF0EB8EB883052,5
b13e291d-bae6-4c84-b220-bd5729638144,Ford,Econoline E150,1994,Goldenrod,3N1CN7AP3EK101698,94
9ab11403-62cb-4a05-9d7a-68f00ce99642,Porsche,911,1986,Goldenrod,4T1BF3EK6BU453002,9
aee35ac4-31ee-4c4f-a980-4b87d817267f,Mercury,Capri,1993,Fuscia,5TDBKRFH9ES384255,9
70066637-91b5-4662-b89f-746fb0328bce,Bentley,Brooklands,2009,Indigo,KMHGC4DE4AU282930,36
be109234-00ce-463d-8559-ee8f2448afc0,Nissan,300ZX,1992,Violet,JTDKTUD36DD854033,38
d2e1ca73-8d5f-45d8-b03f-0694a33509dd,Audi,5000S,1984,Goldenrod,3N1BC1AP9AL597559,48
ebe49c44-c323-4424-8e0e-5e1f79ea695f,Audi,A6,1998,Violet,WBANA53534B972531,93
83dea301-6d8e-4ee0-9686-e9f0dcf4fa17,Cadillac,Escalade,2006,Red,4A31K5DF5CE422716,83
dcfab2c2-e130-4f2b-9e43-6cb95316819c,Buick,Park Avenue,1995,Red,1GYS3TKJ8FR950600,66
8bd964ee-ea5b-44d2-b0d4-b1b281a39410,Mercedes-Benz,CL-Class,2007,Red,WUARU78E07N452759,26
ae1f2334-5dbc-40ab-86c2-b0c3d4a71f01,Honda,Accord,2003,Goldenrod,SALVP2BG4FH303096,81
7f9ac33a-a0c1-496c-8c98-c8492e72ac24,Mercury,Tracer,1997,Indigo,5TFBY5F11BX547531,25
c8ae32b3-6a94-417a-8564-c68a6fed0695,Geo,Prizm,1994,Fuscia,WAUK2AFD1FN435492,28
2a62467c-e5df-4981-90a7-e33aab186958,Oldsmobile,Cutlass Supreme,1995,Green,3N6CM0KN9DK354539,99
c5b4f1bb-ce0f-4b77-ac41-b94fb7af2097,Ferrari,612 Scaglietti,2008,Crimson,WAUSF78K49N300840,36
b35bb948-8b6b-446c-9a05-c8b4176f8c01,GMC,3500 Club Coupe,1993,Puce,1N6AA0CC0CN595900,24
0ab23b6b-2472-4db2-ad51-5d01bb4fefd3,Buick,LeSabre,1986,Puce,WAUXG74F09N681646,96
41640d99-7867-4eb2-855c-b5c56dccecf7,Mercedes-Benz,E-Class,1985,Green,JM1DE1KY9E0604651,74
ffc64e96-deac-477a-b7d3-abe5ad4f52f8,Oldsmobile,Silhouette,2004,Blue,1N6AA0CC5EN239252,87
035f5a44-dce0-40a3-98d5-2923aad72f30,Chevrolet,Sportvan G30,1994,Puce,1G6KF57915U632937,75
d624e55e-3755-43b6-bc90-4388be326e9c,Toyota,Tundra,2005,Violet,1G6AF5S39E0846466,37
571051e4-8ddc-4db7-9f47-49b78280067f,Ford,Flex,2011,Turquoise,JH4DC538X3S369205,67
e135d06b-a119-4855-9052-c9afb55cf67e,GMC,Vandura G1500,1995,Blue,1GD312CG6BF143075,26
ae0e3063-3e8b-4955-b9b0-a9fea87fb43a,Maserati,GranTurismo,2008,Indigo,1G6AE5S30E0875244,12
a9b129d5-2152-45ec-82ca-ec72c824968a,BMW,Z4,2009,Violet,WA1UFAFL3DA872769,90
54aa3071-ca35-4cad-b51f-3f5abab25abd,Acura,MDX,2002,Teal,1G6AH5RX2E0047874,96
06601c2d-4830-42d8-bf12-85922ef4df54,Volvo,S60,2002,Red,WAUEFBFL1EN287969,57
fea80344-e62a-4f56-b960-b03f31e2c9e6,Chevrolet,Silverado 1500,2005,Violet,JTDKN3DU4A0263795,84
7cbf8da8-b3ee-4f43-b903-98fa0116ea32,Cadillac,Escalade EXT,2002,Maroon,19UYA42683A943214,31
f15a21fe-1048-486c-b771-4a5d43ed250a,Nissan,Pathfinder,2000,Khaki,1C3BC2EB2BN560568,14
05cd7056-8d88-496a-80da-1cd2f36ce26d,Lexus,LS,2008,Violet,JN8AF5MV8FT742096,80
7343acfa-043f-4564-8972-ae4b7e7c32a6,Pontiac,Grand Prix,1985,Red,ZHWGU5AU8CL818846,68
60aee42f-fcfb-44b5-bffd-30e80bad4fb6,BMW,X5 M,2012,Fuscia,5UMDU93568L522915,75
c317540a-ed9a-4d5a-99f1-c3756b501ccb,Land Rover,LR2,2010,Teal,JTHCL5EFXF5916435,10
8fb39ba6-2419-4f37-96d2-d060735808fa,Chevrolet,Suburban 2500,2009,Blue,1FMCU9C70AK928498,65
6163a2d7-4bce-428e-8560-8b494b9d1283,Audi,RS 4,2007,Indigo,3TMJU4GN2EM202876,89
edf9d8c3-12db-45e0-86fc-52bd3d6fbae1,Porsche,911,2012,Purple,WAUEFAFL5EA816003,95
b2c5b420-6f9a-481c-a35a-2eba522543bf,Plymouth,Neon,2000,Khaki,3C6TD5NT0CG545463,32
8857ecb2-b1c8-4f6e-ac3a-900f96813f73,Land Rover,Range Rover Classic,1993,Purple,WAUGL78E77A177936,95
2561b3ea-67b2-4dd8-917a-40f02d6c2208,Ford,Ranger,2010,Fuscia,KMHGH4JH7EU737517,63
40237cab-a616-435e-a811-34f1c70b97e3,Audi,S4,2012,Goldenrod,3TMJU4GN1AM600266,42
d35c5567-4f85-4b56-82b4-5f3c32c51fd6,Pontiac,LeMans,1993,Green,1G6KD57988U200436,17
d3004577-d018-41eb-a7da-30c609a603bf,Mitsubishi,Montero Sport,2004,Yellow,WBAVT73508F688522,99
bfee9a33-da01-4c40-b0bd-47c04c4ef823,Volvo,C30,2009,Aquamarine,3VW4T7AT2EM642229,35
e51cffdb-44c1-41fa-a7be-66902f0b7338,Suzuki,SX4,2009,Teal,1G4PT5SV0E4703010,21
9eb3774e-4f83-448b-95b5-227f7f58c358,Buick,Lucerne,2008,Puce,JN1AZ4EH1AM696462,9
ff52b754-f288-4bcc-84a5-06b2a4102afc,Honda,CR-V,2005,Pink,3VW517AT9EM685010,100
efd922f9-287c-4986-9b8a-6ca6bc666f0f,Pontiac,Bonneville,1985,Turquoise,2HNYD2H69CH113175,73
32b7df39-35de-4330-8eea-0f04775917ab,BMW,X5,2009,Green,KMHCM3AC5BU721319,41
2b80ba09-83c8-488a-b0d4-3c9bc78df2d7,Audi,5000S,1986,Blue,WAUML44E94N993056,41
ae984503-9fa1-4eae-aba5-78f9d308d09a,Mazda,Mazdaspeed 3,2008,Mauv,JTHKD5BH7B2888037,25
7b759ee3-02de-429d-8f61-e831046d066e,Buick,Century,1988,Orange,1G6DC5EG2A0263705,4
c255891f-4e84-47f7-8860-0bbc87c553b2,Pontiac,Sunfire,1997,Turquoise,WA1CV94L69D615305,46
ab9bcbbf-3aa5-4081-ba71-048b53cf40ea,Mitsubishi,Montero,2002,Maroon,4T3BA3BB8FU691658,63
f15f1c85-e568-404b-99a8-c7605ae2640c,Mitsubishi,Truck,1993,Green,1FMJK1H53CE435793,12
9d3eddb8-fa22-4c2f-bb94-6d65084c8203,Mitsubishi,3000GT,1992,Yellow,1G6KF54903U451068,64
5d06b77b-32d6-4a8c-99ee-0e5a5b4f0aef,Hyundai,Excel,1994,Goldenrod,WBAPH5C59AA298908,91
d30cf897-05a3-44ba-a4f9-0a112c342535,Mazda,Protege,2003,Purple,WBAEN33495E461177,20
95d04276-5a60-44c0-90cc-f9db17b62850,Hyundai,Sonata,2009,Blue,WAUKD98P39A021268,94
572fb4a1-b562-4917-ac20-4ad951f92e22,Acura,CL,2001,Mauv,W04GX5GV3B1878585,42
4d3c14af-b981-462d-82fd-8fad50fe7111,Ford,Explorer Sport Trac,2009,Crimson,WAUVT68E25A100437,54
96aa87b4-d4c8-43e4-a235-0295cceec5a8,Kia,Sephia,2001,Teal,WAUVC58EX5A382076,84
830cd88c-d0bc-4dfa-9d77-45bfa09dad1c,Hyundai,Tucson,2005,Teal,SAJWA1CB9BL104063,17
4772ddc1-e5b1-4294-98fc-47f1c017e00e,Audi,4000s,1986,Purple,TRUSC28N021141911,23
e8566a66-4bd7-4349-808c-e8119f9184c8,Dodge,Dakota,2005,Puce,WAUYGAFCXCN244622,33
3c5223ef-b5a0-448f-acc3-782d48687d1c,Aston Martin,Rapide,2011,Yellow,5UXWX5C57CL830244,28
0eee6c75-03fd-4a9d-9851-96732b9c086f,Chevrolet,Bel Air,1967,Aquamarine,SALWR2TF3FA346342,83
e4e5e9e4-9439-4651-9916-7c1a2924aee8,Hyundai,Sonata,2006,Green,1GYS3GEF5CR003735,75
3a79bfd9-8f90-4f9a-9113-083820b81954,Bentley,Continental Flying Spur,2006,Violet,3C63DRMLXCG514732,83
f1728311-931b-422c-a24d-8fe9869eb5e4,Mitsubishi,Outlander Sport,2012,Orange,3C6JD7DP4CG776471,43
36df4ca3-1193-4fe8-b9d1-d7bc382a6778,Ford,Excursion,2005,Maroon,2C3CDZBT6FH229899,95
59a7b732-9a87-4c6a-9928-116758b98b40,Lincoln,Town Car,2004,Teal,WA1WMBFE6DD497397,83
5c0f81c0-e49f-4950-80fd-cf164f004023,Subaru,Legacy,1998,Puce,1N6AA0ECXEN187498,89
c82f6c46-da08-40f3-b524-105ac9591b0b,Chevrolet,Equinox,2011,Pink,WA1CFAFP2DA686347,17
70caf84b-b5a1-40f2-86c1-c8e56d474b79,Ford,Taurus,1989,Khaki,1N6AF0LX5FN246112,25
847fe468-2d5e-444e-b346-e1ae646e5de9,Aston Martin,V12 Vantage,2011,Khaki,1G4HC5EM0AU179018,53
4f801cfd-28e8-43d9-a78f-dda9feb0cd4e,Ford,Explorer,2011,Green,1N6AA0CJ1FN193788,4
77f2c6d6-c838-4af8-b278-ec7df6b8b0a1,Mitsubishi,Diamante,2002,Violet,KMHCT4AE9DU099076,100
9988de25-228e-4dfb-b3ad-1036d7dbefaf,Infiniti,I,1997,Blue,WDDHF8JB3DA410667,28
b8ea127b-3534-4ed8-93ce-e07cefed1e66,Mazda,B-Series Plus,1993,Red,1C3CDZBGXCN843263,88
4ac9d367-2870-4d1a-bea2-b2e2f65022c4,Lotus,Exige,2012,Teal,19XFB2E52DE371551,8
7107ec32-90cc-44e6-9758-9619ad4f968b,Nissan,Sentra,2012,Fuscia,SAJWA1CZ6E8478277,32
72a6cfee-abff-47a6-9179-8f05f13d110b,Toyota,Camry,1995,Red,WBADT534X1C317950,64
89b864ce-5274-4c3e-a4fb-f3e45242d01e,Suzuki,X-90,1996,Yellow,YV1902FH6B2526442,11
f3c300e0-526c-4545-818d-bf0a4beaf9ab,Dodge,Ram Van B150,1993,Blue,JTDKTUD35ED251611,31
57fd7898-a8f4-4091-8004-2515f04ebff4,Audi,200,1989,Pink,WAUUL78E17A902191,38
5d7d26f6-9269-44a6-a17b-f454a65e1ee0,Toyota,Sequoia,2008,Turquoise,4JGDF2EE0EA070949,42
90dbef15-8824-40a9-9dc4-f4ac89625a94,Dodge,Caravan,2003,Pink,2C3CDXGJ5CH793728,94
feaa7a55-baad-430c-8b38-749a9641c0b2,Dodge,Durango,2006,Teal,2T2BK1BA4CC613159,36
46fbfd0d-422e-4580-ace3-95a5d347bbdf,Lotus,Exige,2004,Maroon,2FMGK5DC6AB017484,30
dd42b6e5-a789-402a-90d6-b0d967f78b31,Chevrolet,Silverado 2500,2000,Pink,JH4CW2H69CC984234,77
48560479-0dc4-4f65-a7a9-899eabd6a6f0,Mazda,CX-7,2009,Indigo,1D7RV1CT2BS972118,76
e9f9f28d-ab11-44b3-a31b-378e60090407,Ford,Escape,2005,Puce,WBADX7C5XCE892601,2
dd1dfa7d-dd41-4185-8423-17d468b5a9fd,BMW,X5 M,2011,Green,WAUUL58E45A445748,87
97d07962-6fd1-4a78-ba77-32e4e0a81643,Mitsubishi,Eclipse,2001,Aquamarine,WAUMF78K79A485708,8
ad638afa-7351-48eb-8ab4-d355a63f5fed,Dodge,Caravan,2012,Pink,3GYFNDEY0BS689562,25
32693ff2-e031-471d-87b2-8b0f1fad6175,GMC,Yukon XL 2500,2008,Puce,1N6AF0KY8FN297145,61
ca8a01aa-4234-459c-a497-108b6e243c67,GMC,Vandura G3500,1995,Goldenrod,WAUFGAFB9AN897888,59
2875d1ac-c1b3-4234-b4c1-e07d67ce57b6,Volkswagen,Eurovan,1997,Orange,1G6AB5RX6E0346883,76
14524c78-cc94-4800-b499-569d95b02699,Volkswagen,Golf,1976,Indigo,3VWAL7AJ2AM754671,39
2dd6bee3-99cb-474b-a4a7-e91ab8023983,Chevrolet,Venture,1997,Turquoise,WAUGN94FX9N840948,37
9f4ee1d6-e59b-4813-96bd-ad017602fa2a,Ford,F250,1992,Red,1HGCP2E38AA505546,5
15efef54-01dd-4267-ae8f-85142530e03d,Lincoln,Navigator,2001,Purple,WBAVT13596K094044,52
859382cc-2c2f-4386-bfbd-c04e8bde992f,Mazda,929,1995,Red,3D4PG5FV6AT870000,64
bc792e02-b8a8-4408-9bb2-ca70f84cb8e2,Ford,LTD Crown Victoria,1984,Blue,YV1672MW6B2798893,23
11bcefc0-f327-485b-9c9b-e61a96184af5,Mitsubishi,GTO,1998,Purple,1G6YV36A965442439,32
a319fa0b-cbe4-4d77-876b-37b24d0f4e4e,Jeep,Comanche,1992,Crimson,WBASP2C50CC636389,57
4e5f4b83-3290-45e5-a690-8b67e1e3bc6f,Cadillac,Escalade ESV,2011,Goldenrod,1G6DM57N930476940,41
8cdc61c6-a6bf-4e20-8947-a8166370d53d,Lotus,Esprit Turbo,1984,Orange,TRUTX28NX21891180,37
808e5cd1-7c7d-443a-877e-0ec6169f6346,Aston Martin,DB9,2009,Blue,3D7TP2CT3AG920749,2
e59b037d-33c9-4051-bc3d-633151407e5e,Ford,Taurus,1988,Fuscia,1FTFW1E81AF884085,62
a706c927-3883-483a-961d-cf46410e44a7,Suzuki,Equator,2010,Crimson,5FRYD3H22FB041754,55
a8a29b93-6f07-4549-8aec-9404404b4fb6,Porsche,Boxster,2009,Khaki,SCBCU8ZA4AC196779,99
853c5fe1-7249-482e-92c3-bdb5b924008d,Bentley,Continental Super,2012,Maroon,WA1LFAFP6DA719155,23
9ed21f9d-9469-4b30-9513-b77a1a8497c5,Toyota,Highlander,2009,Orange,1D7RB1GP8AS661930,7
9537fa90-87e6-4847-9638-ae28f5036d2e,Saturn,Astra,2009,Turquoise,5N1AL0MM4EC273680,35
9d7d910c-4adf-40e1-afda-359435146238,Volvo,XC90,2013,Yellow,2C3CDXEJ7CH172588,91
2088aee3-e2de-4c9b-8b18-ba086b3e1147,Jeep,Compass,2010,Aquamarine,WA1CMAFP3FA397566,25
5df16790-b63b-41a3-8a95-3d0040aaeeb9,Mercedes-Benz,GL-Class,2008,Crimson,SCBLF44J39C494164,99
b4f90548-d0f6-40d9-a0dc-6bcafb94d2db,Porsche,968,1993,Violet,WAUKH98E67A857883,89
6badf87a-f368-4a20-a35e-f5194575d1d2,Lotus,Esprit,1987,Maroon,WBAVL1C56FV324251,63
514b9e8d-7472-4718-8c61-0b285d39b63d,Ford,Lightning,1994,Aquamarine,1GKUCGEJ1AR036364,50
0ca74667-2716-44df-a790-87fdbf46c086,Chrysler,Concorde,1993,Mauv,2C3CDXJG1DH442927,43
34e82ac8-7c42-469c-869f-2c3e5aca5c65,Pontiac,Sunbird,1993,Mauv,KMHCT4AE4DU426659,69
11a80281-2642-4644-8666-04945b54bafd,Chevrolet,SSR,2003,Mauv,1C4NJPBA1ED952880,55
19ec01f1-108a-4c9d-b663-80ed93b9ce45,Volkswagen,Cabriolet,2001,Blue,2T2BK1BA2FC374876,15
90fa6ec4-e2be-42d1-ba8d-f0771e60e4d1,Land Rover,Range Rover,1998,Indigo,1G6DP8ED6B0441872,60
f3abe229-05b0-493e-87b5-a3f8b786b5dd,Suzuki,XL-7,2002,Violet,4A31K2DF7BE566345,60
6a6bdb0b-5fc3-47a1-938e-6f94435e39a8,Dodge,Challenger,2008,Goldenrod,5N1AA0NC8FN121323,53
362d164e-6b85-4c8c-89fd-af67bcfa156c,Mitsubishi,GTO,1993,Fuscia,1FTEW1CM4BF878360,73
7dfb2bfa-65e1-40c0-9783-acff1905b882,Toyota,Matrix,2006,Mauv,5N1CR2MM6EC941451,60
7427a45c-b2a3-4c7b-b0a2-c25fdba59e17,Mazda,Mazda6 Sport,2006,Crimson,55SWF4JB8FU784114,53
2c95dc3e-1d34-41fd-bb43-54037d5b0145,Kia,Soul,2011,Aquamarine,19VDE3F74DE115067,9
f7fd7856-a326-4749-bc8c-72197d39209b,Ford,Festiva,1988,Red,KL4CJESB1EB838842,60
b8cb8333-4f73-4bb8-85a7-3fcf0121ad07,Cadillac,Escalade EXT,2012,Crimson,JTHBE5C27C5798121,90
0661f1e8-2e3d-49a3-a4db-3e1ce677b985,Mazda,Millenia,2002,Green,3MZBM1U75EM571415,19
1845037d-abeb-481b-805b-5a30af28fd9e,Dodge,Neon,1998,Red,3VWKP7AJ6DM427493,75
3d6f5206-0e8b-481d-8c1b-a7ce277cefbf,Toyota,RAV4,2002,Goldenrod,JTHSE5BC9F5955291,71
0120fd66-5808-4f8b-ad7f-d0e55827ea00,Infiniti,QX,2000,Purple,1C4SDHCT8FC337427,81
b6d9b728-d09e-417e-b37c-7e0977a75d07,Mazda,Mazda3,2008,Pink,KMHEC4A4XFA697620,2
38bc602e-070b-4551-9e47-30c4992b57c9,Ford,Explorer Sport Trac,2000,Pink,SCBLC31E22C387008,67
0380894a-a09f-4626-920f-46a4802a40d4,Saturn,Ion,2004,Violet,WAUAFAFL9FN483619,24
05d48457-e02d-4931-b3bc-3f302c44a366,Ford,Escape,2007,Purple,1GYS3HEF2BR969254,40
27368bdc-0be4-4fd0-bc0f-c15b64999300,Fillmore,Fillmore,1960,Teal,WAUVT58E54A619751,57
c1307fe7-5bce-4240-9852-10ffa7851479,Lincoln,MKT,2010,Turquoise,5N1BA0NE4FN834452,5
60bccdca-3d2f-4884-bfab-62a2428b9da0,Dodge,Ram 2500,2009,Indigo,1G6DZ67A090771700,61
cf9402a8-2c83-4845-874d-2b9a08b7c12a,Volkswagen,Rabbit,2006,Goldenrod,1N4AL2EP8DC874782,2
741b2c06-e89c-4ba1-a522-ad2f6dfddc22,Cadillac,Eldorado,2000,Khaki,YV4902DZ7D2707762,76
ef691792-d75d-45ed-bd2f-13c4a1ae6d54,Chrysler,Pacifica,2006,Aquamarine,WBAWL13529P197060,74
09dc24ec-4d91-4505-8d10-f3d47b6a4056,Mitsubishi,Eclipse,1990,Khaki,3VWPG3AG8AM494708,29
d505168a-ccda-4dce-9f94-c1d8e1effbfc,BMW,3 Series,2012,Purple,5GAKRAED5CJ489723,57
eb6f4b1e-9d4a-41d6-9944-17b34d4df204,Nissan,Pathfinder,2001,Turquoise,3D7TT2CT4AG124569,69
ce1fed74-7bbf-491e-ba56-26342f3e0792,Hyundai,Elantra,1994,Teal,1GD322CG0EF986500,26
a5657518-fc1d-4cbb-bf52-ab34514aff6d,Chrysler,Crossfire,2008,Crimson,5NPDH4AE7FH627706,77
f08a8426-a787-4c02-b10b-69da1fb99e7b,Chevrolet,Avalanche 1500,2004,Mauv,WBS3U9C51FJ619490,3
77696b96-a334-4dfe-a899-d9f0cd9b5d24,Cadillac,CTS,2011,Crimson,WBA4C9C53FG327509,60
70d3f29d-911c-407d-83fb-fe7811329dbb,Bentley,Continental,2009,Puce,19UUA766X8A722876,29
a55e1698-3597-448b-acc6-72498cb11d33,Ford,Ranger,2002,Crimson,1N6AF0KX0EN738949,59
b1038bd1-07c8-4ec7-b924-2bd79bf33629,Saturn,Outlook,2010,Aquamarine,WBA5B1C51FG017514,80
ee7a29df-f11b-4ee7-b628-33b655815cec,Pontiac,Trans Sport,1998,Blue,5N1AN0NUXAC318219,8
86b3b96a-5dda-40b3-bc24-6659f203ac5c,Audi,A8,2007,Violet,5FRYD3H68GB298020,33
0ffffe81-ef41-4383-86cd-f7b2cff126d7,Dodge,Ram 1500,2009,Crimson,WA1LGBFE3CD408734,79
3c7762cc-562f-4a35-a5f8-2dcf67907769,Ferrari,458 Italia,2010,Aquamarine,JH4CL95806C909773,92
a047091d-8f05-4fd1-99b5-7afcca382f6e,Jaguar,XK Series,1999,Pink,1G6YV34A255639129,94
420a76c9-aaf3-437c-9d78-6f058fa72e54,Mitsubishi,Pajero,1996,Maroon,19UUA8F50CA031913,98
9a488356-c6a6-46a9-8ee5-2551e96523dd,Toyota,Sienna,2012,Maroon,WAUEH78E26A178712,20
94a4d21d-60d6-4ce2-91fd-37cbda80e1b1,Kia,Amanti,2008,Fuscia,2HNYD18206H198788,9
b22e5611-bf17-48ff-8bef-b22b22cc8f1b,Suzuki,XL7,2008,Goldenrod,2C4RVAAG0CR287022,1
0d6d4353-9f92-469c-8949-da1a06b1ead4,Chevrolet,Express 3500,1998,Orange,1G6AE5S39F0578913,22
2088f193-af34-4c5f-b8f7-f279a164e1f2,Lexus,IS-F,2012,Maroon,5YMGZ0C58D0165822,37
08f3d5de-2345-4aed-887f-6d05fa3c240e,Toyota,Tacoma,2012,Purple,W04GT5GC6B1629840,97
50b8fabf-3134-46fe-bd68-de75970dbcc0,Lexus,LX,2013,Goldenrod,1GKKRNED4CJ833441,14
866d6d8c-a4a7-4b89-9b56-431d831d148d,Ford,Escape,2007,Mauv,NM0KS6BN4AT002054,71
461d388f-6361-4e2d-bdd4-8fe3d94ddef8,Mercedes-Benz,300D,1992,Mauv,WBA4A7C57FG090713,91
559952d4-d314-4acf-9c83-5f7f5c3b7661,Chevrolet,Corvette,1978,Crimson,1N6AF0LX0EN736004,8
9a9ea775-9cd7-4cdf-871c-04b491c01a7e,Dodge,Ram Van 2500,1998,Goldenrod,WAULC58E45A614341,40
5e80ad60-73c7-4101-8b9f-cccd8ec6ec42,BMW,645,2004,Yellow,JTDZN3EU5D3347379,17
de301e8d-20d7-49f3-9cfa-e9ac88db2eea,Chevrolet,Corvette,1975,Indigo,WBAGL63434D480831,57
23f0be4d-a300-4a95-b5d1-ac175d267695,BMW,530,2007,Maroon,1GYS3HKJ7FR328051,38
e73fd71e-d84d-44db-ad59-0e8ee8dfc8b7,Ford,Escort,2000,Yellow,3VWPG3AG4AM702020,65
45a0fec4-b11b-4234-8244-b09d7a03cdc2,Chevrolet,LUV,1979,Green,3N1AB7AP3FL358730,98
41d49af5-f6c4-47d6-bc81-134f3c53abd0,Mazda,323,1995,Green,19UUA8F52EA196476,21
65afddb4-d084-4e33-b376-40a87c6fdf93,Pontiac,Grand Prix,1976,Aquamarine,JH4KB16357C100676,94
49b0fd25-f30b-43c4-bb75-2d9fb4b85c66,Nissan,Maxima,1996,Teal,WBAKG7C58DJ734810,79
90768841-cf53-4326-a5ba-e163a0d3ad51,Chevrolet,Corsica,1995,Turquoise,2FMDK3GCXBB116118,73
89ef8875-88d1-4ab0-acd6-9cdf840b4e01,Mazda,MX-6,1991,Khaki,3N1CE2CP0FL367546,47
36adf00f-912e-4117-842d-3095f1ef250a,Ford,F250,2001,Goldenrod,3D73M4CL5AG818079,62
1f68577b-6168-4eaa-817e-84eede4e4625,Land Rover,Defender 110,1993,Teal,NM0KS9AN8AT199443,65
40eed2ce-1fb1-444e-9870-6d40c8f8211e,Volvo,XC70,2012,Green,WA1YL54B84N121428,65
c05923fc-c2a3-46b3-8994-2f3cb40b7a39,Oldsmobile,Regency,1998,Pink,KMHHT6KD2EU628005,16
9404683a-a453-453f-84db-39fe536fced9,Nissan,Titan,2008,Khaki,1FTEW1CM6EK523511,30
f0dce670-7c67-421e-be5c-790e7b612e85,Mazda,MPV,1990,Crimson,WAUKH74FX8N023421,55
ec5368e8-2ebe-4d08-8f5f-d56bd70cec64,Oldsmobile,Ciera,1993,Teal,SAJWA4EB0EL205866,5
c1c9beb5-7146-4081-9786-fb574d075b1a,Dodge,Charger,2007,Fuscia,5J8TB3H56EL010340,69
e496d3de-b756-4a30-b7ae-2fc4109baec4,Ford,F150,1995,Pink,WAU4GBFB6BN025943,99
e1bbbfd5-967f-481b-963e-ede6278950ac,Ford,Mustang,1965,Purple,1GYEK63N02R451724,90
c2746923-9a34-4526-92e3-25ab4df1c67b,Suzuki,Sidekick,1997,Violet,2C3CCABG2CH719694,42
b7aa424d-b9b3-43bd-8cde-24cec33251ea,Ford,Bronco,1987,Green,3N1CE2CP5FL581030,62
3022e218-8f72-482d-8ec5-35745581c311,Pontiac,Firebird,1987,Khaki,5N1AN0NW3EN334998,61
f7e159e7-d252-4903-abbe-f6b2971573b9,BMW,6 Series,2009,Mauv,WA1CGBFE6ED189710,41
a00c49f8-2166-4aff-abed-0291b1b919b7,Kia,Sportage,1997,Khaki,4T1BK1EB4EU539557,27
3667af60-8406-4e21-91e0-0cde7968afdc,Ford,E-Series,2011,Orange,JTDKTUD34DD328189,57
72000c10-f0a5-4941-8fe1-f5a83ffd730e,Saab,900,1993,Blue,WAULK98K09A632812,15
66948daa-3b5a-4276-95f5-455513ebe677,Mitsubishi,Montero,1996,Mauv,2FMDK3GC6AB586905,88
96cb282e-b4fc-4477-9ec7-ab76c084c1b8,Lexus,LX,2009,Indigo,WBAKE5C55BE607500,56
a571c78f-e5b6-4b4d-a347-0e52676dda37,Mercedes-Benz,SL-Class,1988,Yellow,1G6DL67A990939917,15
0b5297df-cf57-4c8d-b5ae-302dceaa4913,Aston Martin,Rapide,2012,Pink,JHMZF1C66DS987157,89
eb2eb97f-38e9-4ff4-958a-33c844c507fd,Morgan,Aero 8,2007,Maroon,WA1LMBFE7BD932072,25
eee156e8-2aa0-49a4-b321-29a13dd3891d,Ford,Econoline E250,1992,Red,WBAUN1C56DV771908,14
47dc41d7-fa6e-4956-b8a6-5b99cd4939b7,Porsche,Carrera GT,2004,Goldenrod,1G6DC1E36E0709382,99
3fb8610d-b406-414b-b907-4b62942dceee,Pontiac,Vibe,2010,Pink,JTJHY7AXXA4370198,24
1ee85cb3-a01b-4df6-b9ee-60b9efab0809,GMC,Yukon XL 1500,2007,Pink,WBAFB33531L845757,63
1e54519e-cbb2-45df-a4c2-845b039ed0c6,Nissan,Rogue,2009,Yellow,JA32X2HU3CU473619,91
264f31ac-2848-4c89-9af7-f3ef38c85289,Mitsubishi,Lancer,2010,Turquoise,5GAKRBED5CJ502654,38
958d0c86-065d-4029-aaea-f13028c21504,Volvo,XC70,2006,Yellow,WBANV1C56AB373194,96
56cf1f30-b068-40a0-9125-bae3e2b5cd0b,Cadillac,STS-V,2008,Turquoise,1G6DL5EV3A0297621,63
1f99812d-ba66-45fb-a818-9ce60db30371,Mercedes-Benz,S-Class,1988,Khaki,WAUKFBFL6BA029940,34
08a83100-7606-4e9b-8939-b3fd02953f14,Lexus,GS,1997,Goldenrod,1GTN1TEH2FZ548914,51
50a39c18-dc8c-4623-ad4b-2b9d57ca6a5d,Ford,Club Wagon,1996,Crimson,WBAWR33518P110919,38
90453fab-d9ea-4370-b2af-db3aef7d7491,Saturn,S-Series,1994,Red,1D7RE3GK5BS032425,89
36bb5def-6ebf-4f35-8856-0d1ca990a356,Dodge,Grand Caravan,2010,Indigo,WBAKB4C58CC978991,66
4159c287-07d2-46ab-88b3-e2a0c4b95af6,Studebaker,Avanti,1963,Maroon,5N1AN0NU2FN032201,21
58dd6b0f-f263-4957-bc82-96a03794c338,Lotus,Esprit,2003,Mauv,WBAFR7C57CC060986,5
e77258a7-2888-4604-8fa2-3d7200aa24d2,Lexus,ES,1995,Green,5N1AT2MK3EC070404,15
3dd8a3af-eef4-4298-b1e8-f36478ae50c8,Lincoln,Town Car,1991,Fuscia,JN8AZ2KR9BT420573,6
a3f93e7f-521e-42dc-b1b3-06158c80ce73,Volkswagen,Jetta,1994,Teal,1G6DA5EY8B0520642,41
d1cd39a8-c055-41a0-ab14-8d34bc5da8df,Maybach,57,2012,Khaki,WBA5M2C51ED228213,62
02f2eb4f-1eb9-49af-8276-637b1068d433,Pontiac,Firefly,1992,Green,SALSF2D40AA961413,67
6ad9815d-f8ab-43d1-a5aa-1583e853e3a8,Chevrolet,Corvette,1962,Indigo,JTDKN3DP3E3691954,60
b6a374ef-a9a5-493a-9419-f51dd60bf9eb,Maybach,57,2005,Maroon,WBANV13579C506731,67
7dcac593-a1a4-410c-8b60-918d96421a8a,Acura,NSX,1992,Red,SAJWA4DC5CM027907,96
8ed0014e-8d7e-437a-be4f-729959058cb7,Jaguar,XK Series,2000,Violet,SCBBR93W27C254579,86
37fe3a51-2b73-42ad-90e4-0d6b9a507438,Subaru,Leone,1987,Purple,JN8AF5MR9BT476004,3
16473b81-490c-4241-855e-a7d875a506d8,Chevrolet,Tahoe,2004,Yellow,WBALY1C59ED670677,25
1d7af407-0bad-4133-8448-36010b62c534,Hummer,H2,2006,Pink,1GYFK46858R693142,26
fbda88ce-4637-4865-b4e2-354d7a9aedd2,Pontiac,Montana,1999,Maroon,WAUCVAFR4AA058177,44
02c74cd6-5b66-4f47-b8c6-3691abd883b9,Lexus,LFA,2012,Orange,5YMGZ0C57E0909251,78
302610ef-9650-4649-a4b8-2677c2382848,Jensen,Interceptor,1967,Puce,KMHHT6KD4EU697391,67
498eb235-6133-4398-bbc4-afed2aad499d,Toyota,Corolla,1995,Turquoise,JH4KB16597C434887,94
9accfe36-8955-4ffc-b226-e92e4809a330,GMC,Canyon,2011,Puce,WAUKD78P19A379263,96
0e789761-c2c5-4697-96db-1f18ae996438,Nissan,Cube,2011,Red,WBANE735X6B447310,86
96e0cb0c-d339-4c5d-9b77-fc6436c1c777,Maybach,57,2011,Yellow,2GKALMEK4C6838951,77
fbd21c6f-2ca3-40fd-a142-181d9e6deeeb,Geo,Prizm,1993,Maroon,WBA5M4C54ED956071,98
bbc5faf9-d869-41f6-8bc6-50d96f9a41ba,Volvo,S40,2004,Red,WAUDFBFL7AN929309,36
5dd45582-d97a-4a1b-87c4-9b3fb492fcdf,Volkswagen,Jetta,1998,Violet,1FT7W2A63EE253882,28
64b1f862-dcbd-40e9-b08b-cf853d05355e,Oldsmobile,Silhouette,1993,Violet,19UUA9F51CA488994,89
9f61b84b-ed57-4c68-a9d5-5dc0f7332488,Dodge,D350 Club,1992,Red,5J8TB4H39FL314980,33
68c03340-5acf-4805-ae4b-19c768841926,Chevrolet,Camaro,1992,Purple,1N6BF0KL8FN501273,79
0da0b65b-047e-45d4-b1b9-a341ddad7dbd,Ford,Thunderbird,1977,Green,1G6AS5S38E0550947,9
87a0cd35-8c22-4e42-9f70-91872794f2a4,Spyker,C8 Double 12 S,2006,Crimson,WAUVT68E62A712331,93
ea9b274b-0bc8-460a-941f-cdfc62a89675,Jeep,Cherokee,1996,Orange,3G5DA03L36S757214,18
be3b9cb1-ad6e-4c2f-a2b2-9e682920e44e,Ford,Thunderbird,1987,Aquamarine,5FRYD3H40GB983787,88
d1aa8553-aac7-482e-b24f-29b5911c35d5,GMC,Yukon XL 2500,2004,Goldenrod,KL4CJESB9EB031534,4
e359e55a-c5eb-4d3f-9449-ff85232f88bd,Mazda,Tribute,2006,Teal,1G4GB5GR6CF538077,97
d6fce2a4-570f-4fba-a7fb-6f4c27d42dc4,GMC,3500,1997,Turquoise,JTDKN3DP5F3174446,23
4a193e81-ef50-4c60-9a31-a33b1259475a,Ford,Econoline E150,1994,Indigo,3FAHP0CG0CR838644,86
e0e4750a-0a97-4c16-a61f-b9832bd60732,Ford,Ranger,2000,Turquoise,WVWAA7AJ7CW975520,72
f0f1bb4b-a5a9-4692-8400-1d5e2f102c99,GMC,2500,1996,Pink,3D73Y3HLXBG141202,95
12f4b1d6-fee4-40c9-a888-f6a0abc65856,Nissan,Pathfinder,1994,Teal,WBALW7C56CD853217,94
7ce3688f-937e-4548-9dbd-e436dbf9b634,Mazda,Protege,1992,Puce,WAUZL64B71N722452,91
a2b6c2a6-3fa9-4393-8273-376e495b3826,Subaru,Outback,2012,Purple,WAUDV74F78N561950,52
a69d47cb-3f70-4541-b83e-31b37f0c3f14,Dodge,Stratus,2001,Indigo,1G6AW5SX8E0679245,4
0dfa49fd-541d-4b52-bf95-47c755666e31,Kia,Spectra,2009,Goldenrod,1G6DF8E51C0752462,7
a8bcc28d-bd0c-45ec-b343-5558ddcd3eb7,Buick,Verano,2012,Purple,WBA3A5C51CF702776,62
9938e08a-3ec9-44e6-b9a3-317f389b22a1,Mitsubishi,Pajero,2005,Puce,WBY2Z2C59FV983210,9
dc81c09a-a0f0-46cb-b8c5-1577384b430c,Buick,Century,1991,Teal,1VWAS7A32FC380527,37
e97955a5-93e5-4f88-bd4a-ef6fcf8cadd2,Geo,Metro,1994,Green,3D73Y4HL8BG239960,3
d7d8a11f-5a7d-4a26-aa02-57c1c2bbd015,Mercury,Marauder,2003,Pink,JM1CW2BL8D0001921,58
27fafb50-4c10-41c8-b56d-662624150f68,Pontiac,GTO,1971,Yellow,WVWAP7AN0EE746977,84
e4143ed3-8982-4023-9a8e-b925bb8086ac,Saturn,Ion,2007,Red,WP0AD2A78EL685094,30
442960ea-4f47-4838-a762-2b491504bcee,Subaru,XT,1988,Violet,1N4AA5AP6AC976168,87
cac8868c-0b8f-4cc3-8efb-bd6ca40b1396,Ford,Econoline E350,1996,Green,2C3CDXEJ7DH079880,47
be1fd402-2758-4aad-bd0f-20ec03b689a5,Chevrolet,Suburban 1500,1994,Purple,4USBT33454L615190,13
f78f1297-0b37-4de6-811f-93ae909c15a0,Dodge,Viper,1993,Maroon,1GYS4FEJ3DR223114,5
cb0a8042-d604-447e-a82c-125fd1ef9266,Mitsubishi,Eclipse,1991,Maroon,5N1AR2MM0EC485261,35
7d2c3ee8-ff07-4b39-afaa-e53059b1af26,Porsche,911,1988,Red,5N1AN0NW7EN070670,72
64881c83-8dd6-42bd-be47-07c7bde9a5de,Mazda,CX-9,2009,Crimson,1G4PR5SKXD4123167,58
6e455f03-2186-4ce2-98fd-1ff2aea44b11,Honda,Passport,2001,Mauv,WAULT54B64N209200,21
1b784558-6992-4fe8-9b77-7461d71780d7,Hyundai,Elantra,1992,Fuscia,WAUGL98EX5A247521,90
983ea328-1c88-4413-a384-6190ff3228ae,Ford,LTD Crown Victoria,1987,Khaki,KNDPB3A27D7338891,88
04804498-563a-489b-8984-611e593e0dc7,Dodge,Avenger,1995,Khaki,3C3CFFBR4FT644921,50
9e0599b6-aed8-416e-b691-f547f273c9b1,Maserati,GranSport,2006,Blue,2HNYD18252H094551,84
3dd3ce55-20bf-43b8-8497-4d8b04773531,Mitsubishi,Outlander Sport,2011,Puce,WBABN53432P206796,13
b681f332-30b7-4984-a4d5-32110d504cb8,Lexus,GX,2011,Puce,1G4HP52K44U392517,83
c87db992-e333-4a50-abed-acbbcae5dcb9,Lincoln,Mark LT,2008,Green,1G6KD54Y34U532872,49
8d9519ce-7991-4257-99e0-8f0fbec8af98,Porsche,911,1994,Purple,3N1CN7AP0DL046703,97
33623499-07be-4034-844c-d510194b999d,Nissan,NV1500,2012,Maroon,WAUAFAFL2CN743418,13
5e6fb373-bdbd-40e3-a8c8-1db42015bb91,Volkswagen,Jetta,1985,Fuscia,1ZVBP8AM9D5296260,27
2ca7d0ea-c79d-4d6a-9811-ea3fdbec83e7,Dodge,Dakota Club,1992,Turquoise,JH4KB16398C525254,69
68363c4a-0d4c-429a-b14b-a63916544113,Honda,Odyssey,1997,Pink,1FTNX2A55AE130235,61
a383dba9-7cc0-4dbe-a3c6-03c4c6154e60,Porsche,944,1987,Orange,JM1CW2BLXC0414583,84
090091c1-1368-4191-9f6c-a0fc365a0cd6,Chevrolet,Camaro,2002,Maroon,1G6DT57V080791152,35
64963971-d3a6-4685-9c56-0742c1948613,Toyota,Highlander,2003,Red,WVWBB7AJ5DW826140,40
2c96a130-4bdc-427a-ac5b-82b1e2fc7adf,Volkswagen,Eurovan,2001,Pink,1GYUKDEF1AR836245,68
db265e28-5a65-4d3d-8721-ade3a0e02c57,Chevrolet,Suburban 1500,1993,Blue,1GT02ZCGXEF969204,90
699b157d-4455-4c92-8f84-be368425b085,Dodge,Viper,2001,Purple,WAULT68E95A394393,15
acb26ac1-c712-4eda-957a-0c6f09fe028f,Pontiac,6000,1986,Green,JTHBK1GGXE2132088,10
a7135feb-3e4b-4e66-8981-a6f1be0c555e,Toyota,Land Cruiser,1995,Indigo,WAUEFBFL1EA963831,73
76637c7c-7912-4133-9637-b2ff4d3a3f7a,Oldsmobile,Cutlass Cruiser,1994,Purple,JN8AZ2KR2ET514265,26
bf5cfe8c-462f-4fa4-9ecd-4b8a1009e1db,Pontiac,Solstice,2006,Crimson,5J6TF1H53FL298014,66
33552590-1703-45d6-9466-68e963b0225c,Porsche,Panamera,2013,Green,19UUA9F52EA848230,17
97c4de5f-bd72-40ec-8efe-539b336276e5,Lamborghini,Murciélago,2005,Goldenrod,3D7TT2HT9AG969846,77
d4dec9b5-1484-46f4-8c78-fbda81baccea,Mazda,MPV,1990,Mauv,WAUDG74F89N105273,5
08f777a7-b349-4f6f-a20f-ebdccd80c0f9,Volkswagen,Rabbit,2006,Green,WAUCVAFR4BA212162,49
ca0939b8-8dc2-4728-9911-fe5dc5c6d3fc,Toyota,Yaris,2008,Orange,1C4RDHEG0DC396497,17
fa701232-0e69-423e-8f89-e09377b47168,Ford,F350,2005,Orange,1GKS2GEJ4CR479735,66
0817f59e-845f-4c59-a770-1609fc1e008d,Ford,Taurus,1991,Green,WAUTFAFHXAN414788,64
6bdaf109-c3a1-4d56-af65-307e33861f10,Volkswagen,Eos,2010,Maroon,WBALL5C51EE337812,66
ccda0ca8-d632-4d33-afae-63b839fd9041,Pontiac,Daewoo Kalos,2006,Green,WBAVM1C54DV310021,100
819053e7-5048-477b-93dc-5385cf3ffce6,Buick,Riviera,1986,Fuscia,WBAYB6C51ED184904,54
9c3b9763-1a2f-4837-98d8-96b7aa3d656f,Audi,TT,2009,Yellow,WBA3R1C50EF550798,75
47520f19-ff1b-4963-bf57-8c055ae496c8,BMW,M Roadster,2007,Crimson,WA1WMAFEXAD431702,31
cade5e5e-fc32-4583-bf1e-3f8914a345cc,Honda,Accord,1991,Blue,WAUNF78P37A060791,100
9fb274d7-78d9-4aa8-b610-c3cf441ca7d1,Pontiac,Grand Prix,1973,Mauv,WAUDF78E78A626446,89
ad7dc84e-e5b8-4502-bd7f-b5759dd4c5c9,Hyundai,Elantra,1999,Aquamarine,WBALW7C55CD540076,40
a91edd7d-03f8-43d6-9e7b-c0f46d0dbd09,Lincoln,Continental Mark VII,1985,Purple,WDDDJ7CBXAA048319,18
eb34e62e-e880-412a-a92b-3331675d1f68,Mazda,Mazda6,2007,Yellow,1G6AB1R30F0260394,97
22b121b4-53c8-4247-a6d3-c29044970e11,Toyota,4Runner,2005,Teal,19XFA1E60AE005900,85
65d33e46-50d2-4687-b560-89c8a779a59f,Dodge,Durango,2008,Turquoise,NM0KS9BN7AT832318,65
1b84daec-af2d-40ed-824f-ee534e19217c,Hyundai,Accent,2001,Blue,5FPYK1F5XEB692905,2
946c1c1d-51b9-453d-b35e-d5c8c9e264e4,Mitsubishi,GTO,1990,Purple,YV1960ASXA1222122,46
5a13d073-6d5e-450e-bea7-fe96f5a40591,MINI,Clubman,2010,Blue,2HNYD2H38CH464178,59
bf998b49-ecbd-48c9-b756-264606a2e592,GMC,Yukon XL 1500,2003,Red,3GTU2YEJ1DG949053,8
a422abe2-cad6-4cc1-98d8-4ae75940ca92,Oldsmobile,Aurora,1995,Maroon,WBA3X9C52ED150872,57
3ae40fba-d711-44c7-b96f-3cc3e03bf4de,Subaru,Baja,2005,Purple,5FRYD4H45EB786875,84
40c32984-4cd5-4926-a055-a82b97e7126a,Alfa Romeo,164,1995,Blue,1G4GE5E35CF852194,12
9111699a-e961-4346-b0a8-497503742877,Ford,Probe,1996,Mauv,KNDPB3A24B7687763,19
fe5b7b51-3358-42a4-9657-8bb2c09fdbf4,Toyota,FJ Cruiser,2010,Turquoise,3G5DB03E45S202818,74
53e28357-5cf2-4b27-b952-f79808c95a48,Bentley,Azure,2009,Fuscia,WVGAV7AXXCW664314,44
712eea24-9ecb-44d8-b17f-31bf82ce1259,Buick,LaCrosse,2008,Yellow,WBAKX6C58BC416651,34
e7fd0013-2ffd-4fcf-bbf3-57342786550f,Land Rover,Freelander,2009,Puce,1YVHZ8BH5C5881256,48
e95b84be-62dd-4f41-b4f0-7a203de78e2b,Suzuki,Forenza,2005,Pink,1GYS4GEF3CR866630,53
92896c17-0d85-490a-ad87-51c9d7483c70,Oldsmobile,Cutlass Supreme,1996,Teal,1FT7W2A6XEE154461,69
97783b4b-007d-4100-9b6a-0a4c5a2aaa0b,Volkswagen,Touareg,2012,Goldenrod,WA1YD54B33N110946,19
8fbcae13-204b-47f4-b147-56e4b633549f,Pontiac,Sunbird,1985,Pink,WBA1K5C53FV719724,99
091a8f17-40b5-4738-86c5-1e4435e204b2,Mercedes-Benz,C-Class,2000,Fuscia,JTMHY7AJ2A4624856,45
a56025ea-c1fe-46d0-af8f-bba1bd3acf01,Volkswagen,Jetta,1991,Maroon,1G6YV36A395545389,99
4fcb0c1b-cd58-4294-b8fe-6d8f5049c295,Buick,Park Avenue,2002,Puce,5GAKVAED8BJ404206,67
16b1b238-7522-4843-b69d-d9931ea10af0,Ford,Mustang,1996,Puce,WAUDFAFC8DN701639,96
d9deb087-e183-4ef5-93ff-09cd82b9bf85,Fiat,500,2012,Green,2C3CCAPTXCH750651,27
b15c3bac-ca3c-4778-a66a-5a473861dd19,Nissan,Murano,2004,Blue,WAUUL78E78A745980,93
a588879e-1506-4d75-a93a-78b83fa70816,Nissan,Maxima,2008,Indigo,137ZA83331E024728,56
403b4314-1c4d-4fd3-a51c-c2aa491c75eb,Isuzu,Oasis,1999,Yellow,WDDEJ7EB9CA181917,40
817f534c-c34c-4ccd-8fbe-0a32042cb7da,Dodge,Daytona,1992,Crimson,5UXFB53556L334989,20
d4f53800-ff38-4b8e-886d-f33ed0ea7332,Dodge,Caravan,1996,Orange,JN8AF5MR2DT526924,84
c4415cb7-0048-48ca-9558-3c76dd968f9a,Dodge,Charger,1999,Purple,WBA3B9C57EJ032977,75
963f9b1b-c640-4492-9e10-58ffc238e7d5,Ford,Expedition EL,2009,Indigo,5XXGM4A74FG147161,57
04136536-a130-4d56-8497-52d173ba2185,Toyota,Celica,1999,Fuscia,WAUDF98E58A611987,41
6a3c2939-04e2-4425-8b71-b5328ea945fc,Mazda,626,1993,Blue,WA1YD64B44N513244,90
cb29c41c-aca7-44bb-b144-1ce8802d5a17,Jeep,Wrangler,2001,Fuscia,5UXWZ7C56F0788029,80
d75c4123-f2c2-4321-a384-a0eb9ec6c269,Chevrolet,Equinox,2009,Puce,3C3CFFBR8DT234457,84
3ecaad95-0263-4466-a365-af7d14688561,BMW,1 Series,2009,Maroon,WAUVC68E65A633102,89
5218d50f-4a7e-4398-b297-1edaaed6599b,Chevrolet,3500,1995,Puce,1G6DU6EA2A0566403,7
b20672fc-1160-4ebd-a33c-057ae38961c0,MINI,Cooper,2003,Crimson,3D7TT2HT6BG437374,52
d6ce5a37-4017-41ff-89be-d0adccff5d1a,BMW,Z8,2002,Yellow,WAUEFBFL8CN547779,19
48138b62-ccee-45ed-9257-42ed7363e46e,Mercedes-Benz,M-Class,2006,Fuscia,2ULHU6THIEVL2UFXB,65
0aea890e-2dc0-4cf5-93cf-66eebf4e3099,Volkswagen,Routan,2012,Mauv,U3LC3PWP8ZC33QLS5,17
